/*
SQLyog Community Edition- MySQL GUI v6.06
Host - 5.0.45-community-nt : Database - institucion
*********************************************************************
Server version : 5.0.45-community-nt
*/

/*!40101 SET NAMES utf8 */;

/*!40101 SET SQL_MODE=''*/;

create database if not exists `institucion`;

USE `institucion`;

/*!40014 SET @OLD_FOREIGN_KEY_CHECKS=@@FOREIGN_KEY_CHECKS, FOREIGN_KEY_CHECKS=0 */;
/*!40101 SET @OLD_SQL_MODE=@@SQL_MODE, SQL_MODE='NO_AUTO_VALUE_ON_ZERO' */;

/*Table structure for table `acceso_profe_mate` */

DROP TABLE IF EXISTS `acceso_profe_mate`;

CREATE TABLE `acceso_profe_mate` (
  `id` int(255) NOT NULL auto_increment,
  `id_profesor` int(255) default NULL,
  `id_materia` int(255) default NULL,
  `clave` varchar(255) collate latin1_general_ci default NULL,
  PRIMARY KEY  (`id`)
) ENGINE=MyISAM AUTO_INCREMENT=13 DEFAULT CHARSET=latin1 COLLATE=latin1_general_ci ROW_FORMAT=DYNAMIC;

/*Data for the table `acceso_profe_mate` */

insert  into `acceso_profe_mate`(`id`,`id_profesor`,`id_materia`,`clave`) values (1,4,6,'2332dd'),(4,7,9,'super');

/*Table structure for table `conceptos` */

DROP TABLE IF EXISTS `conceptos`;

CREATE TABLE `conceptos` (
  `id` int(255) NOT NULL auto_increment,
  `concepto` text collate latin1_general_ci,
  `id_grado` int(255) default NULL,
  `year` varchar(10) collate latin1_general_ci default NULL,
  `periodo` varchar(1) collate latin1_general_ci default NULL,
  PRIMARY KEY  (`id`)
) ENGINE=MyISAM AUTO_INCREMENT=94 DEFAULT CHARSET=latin1 COLLATE=latin1_general_ci;

/*Data for the table `conceptos` */

insert  into `conceptos`(`id`,`concepto`,`id_grado`,`year`,`periodo`) values (1,'Taller partes de la pc.',1,'2008','1'),(2,'Examen Partes de la pc.',1,'2008','1'),(3,'Taller periféricos de entrada y salida.',1,'2008','1'),(4,'Taller partes de la pc.',2,'2008','1'),(5,'Evaluación.',2,'2008','1'),(6,'Taller de los 20 programas.',4,'2008','1'),(7,'Taller partes de la pc.',4,'2008','1'),(8,'Examen partes de la pc, programas.',4,'2008','1'),(9,'Taller Microsoft Office',5,'2008','1'),(10,'Taller Generaciones de la pc.',5,'2008','1'),(11,'Taller Sopa de letras',5,'2008','1'),(12,'Taller funciones básicas del teclado.',6,'2008','1'),(13,'Examen funciones básicas del teclado.',6,'2008','1'),(14,'Mouse, monitor, teclado, impresora.',7,'2008','1'),(15,'Examen Suite de office.',7,'2008','1'),(16,'Taller Suite de Office',7,'2008','1'),(17,'Taller Rom, Ram, cpu.',8,'2008','1'),(18,'Examen Rom, Ram, cpu.',8,'2008','1'),(19,'Examen de Sistemas Operativos.',9,'2008','1'),(20,'Taller Sistemas Operativos.',9,'2008','1'),(21,'Examen Virus Informático.',9,'2008','1'),(22,'Taller Virus Informático.',9,'2008','1'),(23,'Taller Hardware y Software',10,'2008','1'),(24,'Examen Disco duro',10,'2008','1'),(25,'Taller medida de almacenamiento.',10,'2008','1'),(26,'Taller Suite de Office',6,'2008','1'),(27,'Taller Hardware',3,'2008','1'),(28,'EXAMEN TECLAS BASICAS - TECLADO.',1,'2008','1'),(29,'Crucigrama',7,'2008','1'),(30,'Crucigrama',5,'2008','1'),(32,'Crucigrama',2,'2008','1'),(43,'Examen Oral A,S,D,F,SPACE,J,K,L,Ñ',1,'2008','3'),(44,'Examen Oral A,S,D,F,SPACE,J,K,L,Ñ',2,'2008','3'),(45,'Examen Practico A,S,D,F,SPACE,J,K,L,Ñ',3,'2008','3'),(46,'Examen Oral A,S,D,F,SPACE,J,K,L,Ñ',5,'2008','3'),(47,'Ejercicios Acertijos',5,'2008','3'),(48,'Examen Oral A,S,D,F,SPACE,J,K,L,Ñ',6,'2008','3'),(49,'Examen Oral A,S,D,F,SPACE,J,K,L,Ñ',7,'2008','3'),(50,'Examen Practico A,S,D,F,SPACE,J,K,L,Ñ',7,'2008','3'),(51,'Examen Practico A,S,D,F,SPACE,J,K,L,Ñ',8,'2008','3'),(52,'Examen Oral A,S,D,F,SPACE,J,K,L,Ñ',9,'2008','3'),(53,'Examen Practico A,S,D,F,SPACE,J,K,L,Ñ',9,'2008','3'),(54,'Examen Practico E,I',9,'2008','3'),(55,'Examen Practico A,S,D,F,SPACE,J,K,L,Ñ',10,'2008','3'),(56,'Examen Practico E,I',5,'2008','3'),(57,'Examen Practico A,S,D,F,SPACE,J,K,L,Ñ',6,'2008','3'),(58,'Consulta La internet y el E-mail',8,'2008','4'),(59,'ASISTENCIA A CLASES',4,'2008','3'),(61,'bbb',1,'2008','2'),(62,'Examen Extensiones de archivos',10,'2008','4'),(63,'EXAMEN ESCRITORIO, DIRECTORIO, ICONOS.',1,'2008','4'),(64,'Evaluación Extensiones de Archivos',4,'2008','4'),(65,'Evaluación ESCRITORIO, ICONOS, WINDOWS',2,'2008','4'),(67,'Servicios y Desventajas del Internet',8,'2008','4'),(68,'Examen Internet',10,'2008','4'),(69,'Examen Extensiones de Archivos 2',4,'2008','4'),(70,'Tarea Comandos basicos.',9,'2008','4'),(71,'Consulta Paginas de E-mail.',7,'2008','4'),(72,'Examen Servicios y desventajas del Internet.',8,'2008','4'),(73,'Actividad de Encarta.',6,'2008','4'),(74,'Exámen iconos básicos.',2,'2008','4'),(75,'Crucigrama General',6,'2008','4'),(76,'Examen Iconos básicos',1,'2008','4'),(77,'Examen Iconos Básicos',3,'2008','4'),(82,'ACERTIJOS IV',6,'2008','4'),(79,'Ensayo PROYECTO DE VIDA',10,'2008','4'),(80,'TALLER Extensiones de archivos 3',4,'2008','4'),(81,'TALLER EXTENSIONES DE ARCHIVOS.',5,'2008','4'),(83,'EXAMEN 1 extensiones de archivos.',5,'2008','4'),(84,'CRUCIGRAMA TERMINOS',6,'2008','4'),(85,'Taller Formatos y extensiones',5,'2008','4'),(86,'CREACION CRUCIGRAMA',10,'2008','4'),(87,'EXAMEN 2 - ENCARTA',6,'2008','4'),(88,'TALLER INTERNET',5,'2008','4'),(89,'TALLER PARTES DEL ESCRITORIO',1,'2008','4'),(90,'ENSAYO DE LA CALLE A HARVARD',7,'2008','4'),(91,'REVISION CUADERNOS',10,'2008','4'),(92,'TALLER EXCEL',10,'2008','4'),(93,'EXAMEN 2 - I8CONOS BASICOS',2,'2008','4');

/*Table structure for table `estudiantes` */

DROP TABLE IF EXISTS `estudiantes`;

CREATE TABLE `estudiantes` (
  `id` int(255) NOT NULL auto_increment,
  `nombre` text collate latin1_general_ci,
  `id_grados` int(255) default NULL,
  `year` varchar(10) collate latin1_general_ci default NULL,
  PRIMARY KEY  (`id`)
) ENGINE=MyISAM AUTO_INCREMENT=446 DEFAULT CHARSET=latin1 COLLATE=latin1_general_ci ROW_FORMAT=DYNAMIC;

/*Data for the table `estudiantes` */

insert  into `estudiantes`(`id`,`nombre`,`id_grados`,`year`) values (1,'ACUÑA MARTINEZ LAURA YINET',1,'2008'),(2,'AGUDELO MERCADO KAREN VANESSA',1,'2008'),(3,'ALZATE GARCIA LUIS DAVID',1,'2008'),(4,'ARRIETA SALAZAR LEONELA',1,'2008'),(5,'BARRIOS RENDON JAMES MAURICIO',1,'2008'),(6,'BOTERO MARTINEZ DIEGO FERNANDO',1,'2008'),(7,'BRACAMONTE PEREZ MARIELA',1,'2008'),(8,'BURBANO SATIZABAL KEBIN ALEXANDER',1,'2008'),(9,'CORREA LUGO DIANA LUZ',1,'2008'),(10,'DIAZ SALGADO BAANA FERMINA',1,'2008'),(11,'GALLEGO SALGADO EDWIN ANDRES',1,'2008'),(12,'GAMBOA ACEVEDO PABLO ANDRES',1,'2008'),(13,'GANEN HERAZO JULIANA',1,'2008'),(14,'GIRALDO ACOSTA CATY YAMIL',1,'2008'),(15,'GIRALDO PASOS DUVAN ANDRES',1,'2008'),(16,'GRIMALDO MORELO ANDRES FELIPE',1,'2008'),(17,'HINESTROZA BRAVO EDWARD DAVID',1,'2008'),(18,'HINESTROZA KEVIN ADRIAN',1,'2008'),(19,'HINESTROZA MEJIA OMAR ANDRES',1,'2008'),(20,'LEON RAMIREZ VERONICA SIRLEY',1,'2008'),(21,'LEON RAMIREZ YEISON ANDRES',1,'2008'),(22,'LUCUMI ARRIAGA KEVIN MIGUEL',1,'2008'),(23,'MADRIGAL GOMEZ LINET FAIZULY',1,'2008'),(24,'MENA CORDOBA JENNY PAOLA',1,'2008'),(25,'MENA SALAZAR BRYAN DANOVIS',1,'2008'),(26,'MOSQUERA MOSQUERA ALEXANDER',1,'2008'),(27,'MOSQUERA MOSQUERA YESMIN ADRIANA',1,'2008'),(28,'MUÑOZ SANDOVAL JORGE ELIECER',1,'2008'),(29,'OSORIO CAICEDO MONICA PATRICIA',1,'2008'),(30,'OVIEDO CANO LEIDY PAOLA',1,'2008'),(31,'PASTRANA PERALTA LUIS MANUEL',1,'2008'),(32,'PEREZ TAPIAS LUIS GERARDO',1,'2008'),(33,'PRADO MONTOYA JUAN CAMILO',1,'2008'),(34,'RAMIREZ FERNANDEZ SINDY PAOLA',1,'2008'),(35,'RAMIREZ SEQUEDA YISET CAROLINA',1,'2008'),(36,'RENTERIA CHAVERRA LEIDY JOHANA',1,'2008'),(37,'RIVERA CALLE KEILA ANDREA',1,'2008'),(38,'RODRIGUEZ GARCES YOADIS MARIELA',1,'2008'),(39,'ULLOA BELTRAN LAURA VANNESA',1,'2008'),(40,'VERGARA RODRIGUEZ DUVAN ANDRES',1,'2008'),(41,'ZAPATA MADRIGAL LEIFER DAVID',1,'2008'),(42,'ZAPATA MONTOYA JORGE ENRIQUE',1,'2008'),(43,'ALEGRIA IBARGÜEN LEIDY',2,'2008'),(44,'ANGEL ZAPATA WBEIMAR ANDRES',2,'2008'),(45,'ARIAS MORENO NATALIE',2,'2008'),(46,'BARRIOS RODRIGUEZ ENDY YONAY',2,'2008'),(47,'BENITEZ MOSQUERA YAN CARLOS',2,'2008'),(48,'BORJA PATIÑO JHON MICHAEL',2,'2008'),(49,'BORJA VIVAS DEIMER DAVID',2,'2008'),(50,'CAICEDO ZEA NEHIR ANDRES',2,'2008'),(51,'CORREA LUGO HARLIS',2,'2008'),(52,'COSSIO MOSQUERA ESTIBEN ANDRES',2,'2008'),(53,'DE LA ESPRIELA OSORIO EDIT MARCELA',2,'2008'),(54,'FLOREZ SILVA EDWIN DUVAN',2,'2008'),(55,'GARCIA FLOREZ KEVIN ALEXANDER',3,'2008'),(57,'LOZANO ROBLEDO DAINER DE JESUS',2,'2008'),(58,'MARTINEZ CASTILLO LUIS ALBERTO',2,'2008'),(59,'MARTINEZ MONSTALVO HUGO ALBERTO',2,'2008'),(60,'MARTINEZ MOSQUERA LEIDYS PAOLA',2,'2008'),(61,'MARTINEZ URANGO YULISA',2,'2008'),(62,'MEJIA GONZALEZ CAROLINA',2,'2008'),(63,'MEJIA GONZALES KARINA',2,'2008'),(64,'MENA BARRIENTOS ZULAY VANNESA',2,'2008'),(65,'MENA GARCIA ANA YISELA',2,'2008'),(67,'MEZA SANTOS LUIS FERNANDO',2,'2008'),(68,'MONROY MESA CRISTIAN EDUARDO',2,'2008'),(69,'MOSQUERA HERNANDEZ YORLADIS YINET',2,'2008'),(70,'MOSQUERA RODRIGUEZ MAILYN PATRICIA',2,'2008'),(71,'ORTIZ PADILLA YULIANA',2,'2008'),(72,'PARRA BOHORQUEZ MARISOL',2,'2008'),(73,'PASINI DIAZ DUGLAS',2,'2008'),(74,'POLO MENDEZ DORA DELSIS',2,'2008'),(75,'RENTERIA BORJA BAYRON ANDRES',2,'2008'),(76,'RENTERIA MORENO FARIT ALBERTO',2,'2008'),(77,'RENTERIA RENTERIA LUZ EDILMA',2,'2008'),(78,'RIVERA CALLE OMAR YESID',2,'2008'),(79,'RODRIGUEZ GARCES YORMAN ARTURO',2,'2008'),(80,'SALAZAR MOSQUERA YORMAN',2,'2008'),(81,'SERNA BERTEL JOHANA PAOLA',2,'2008'),(82,'SIERRA PACHECO NEDIS MODESTA',2,'2008'),(83,'SUCEBA CORREA ANDRES FELIPE',2,'2008'),(84,'TORRES GUZMAN FERNANDO ANTONIO',2,'2008'),(85,'TORRES SANDOVAL LUZ MAGALY',2,'2008'),(86,'TORRES VELEZ JORGE LUIS',2,'2008'),(87,'URIBE GARCIA YERLIS ALEJANDRA',2,'2008'),(88,'VELASQUEZ MESA YESSICA YULIETH',2,'2008'),(89,'ZAPATA DIAZ DEIMER FARID',2,'2008'),(90,'ALEGRIA ROA DIOFAIDY',3,'2008'),(91,'ARRIETA GUARIN LUZ NERIS',3,'2008'),(92,'ARROYAVE MADERA LUIS ALBERTO',3,'2008'),(93,'ATEHORTUA LONDOÑO WILMAR',3,'2008'),(94,'BARRIENTOS MOSQUERA FAISURI',3,'2008'),(95,'BEJARANO CUESTA DUBIAN ANDRES',3,'2008'),(96,'CAPUANO BOTERO SINDY MARCELA',3,'2008'),(97,'CHAVERRA MORENO KATHERINE',3,'2008'),(98,'CORDOBA ALVAREZ JOHN JAIRO',3,'2008'),(99,'CUESTA CORDOBA SINDY MARCELA',2,'2008'),(100,'ESTRADA MINDIOLA LUIS FELIPE',3,'2008'),(101,'FIGUEROA MENDOZA EVA SANDRI',3,'2008'),(102,'GONZALEZ MUÑOZ MAURICIO',3,'2008'),(103,'GRUESO HINESTROZA PAOLA ANDREA',3,'2008'),(104,'HOYOS GOMEZ MIRIAM ANDREA',3,'2008'),(105,'LONDOÑO BELEÑO JUAN CARLOS',3,'2008'),(106,'LONDOÑO QUINCENO LEIDY JOHANA',3,'2008'),(107,'MERCADO MESA JOHAN MANUEL',3,'2008'),(108,'MORELO BARRIOS NAVIS SHIRLEY',3,'2008'),(109,'MOSQUERA MOSQUERA ANA DOLORES',3,'2008'),(110,'MOSQUERA MOSQUERA JHASON',3,'2008'),(111,'MOSQUERA MOSQUERA OMAR ARLEY',3,'2008'),(112,'MOSQUERA ROA NEL',3,'2008'),(113,'MOSQUERA VIVERO YHINIER',3,'2008'),(114,'PALACIOS SERNA JUAN CARLOS',3,'2008'),(115,'PARRA CANCHILA YURNI',3,'2008'),(116,'PINEDA RUIZ HUBERNE',3,'2008'),(117,'RACERO AVILES GUSTAVO ANDRES',3,'2008'),(118,'RAMIREZ MOSQUERA KARLA MACIEL',3,'2008'),(119,'RODRIGUEZ MACHADO LEVINSON',3,'2008'),(120,'RUA HERRERA CINDY DEL CARMEN',3,'2008'),(121,'SERNA RIOS YORNIS NAYIBE',3,'2008'),(122,'SUAREZ PEREZ PAOLA ANDREA',3,'2008'),(123,'VALENCIA CALLEJAS DAVID',3,'2008'),(124,'VERA AYALA WILSON DE JESUS',3,'2008'),(125,'YALI ULLOA NELSON ALEXANDER',3,'2008'),(126,'ZABALETA BELLO CARLOS JAVIER',3,'2008'),(127,'ZAPATA MONSALVE MARIA ALEJANDRA',3,'2008'),(128,'ARDILA MACHADO DEYBI ANDRES',4,'2008'),(129,'ARISTIZABAL GUERRA ANGELA MARIA',4,'2008'),(130,'ARRIETA GUARIN GABRIEL ENRIQUE',4,'2008'),(131,'ARRIETA MEJIA CRISTINA ISABEL',4,'2008'),(132,'ARRIETA MEJIA FABIAN DE JESUS',4,'2008'),(133,'BEDOYA ESPINOSA NASLIN YICELY',4,'2008'),(134,'BURGOS QUIÑONEZ KELIS DORIELA',4,'2008'),(135,'CASTAÑEDA AGUILAR FRANCISCO LUIS',4,'2008'),(136,'CATAÑO MUNERA DANIELA ALEJANDRA',4,'2008'),(137,'CONTRERAS VILLA HEIDY VANESSA',4,'2008'),(138,'ESTRADA CALLE ANDRES GUILLERMO',4,'2008'),(139,'FRANCO RAMOS LUISA MARIA',4,'2008'),(140,'GARCIA GARCIA JOHAN FERNANDO',4,'2008'),(141,'GARCIA MENDOZA CARLOS ANDRES',4,'2008'),(142,'GIL NAVARRO VANESSA ESTEFANI',4,'2008'),(143,'GOMEZ QUINTERO LILIANA ANDREA',4,'2008'),(144,'GUERRERO FUENTES ROSA ANGELICA',4,'2008'),(145,'HUERTAS JURADO YULIANA MARICELA',4,'2008'),(146,'JIMENEZ RENTERIA JHON DAVID',4,'2008'),(147,'MARULANDA MANRIQUE JUAN CARLOS',4,'2008'),(148,'MENDOZA CHICA ANDY VANESSA',4,'2008'),(149,'MERCADO DORIA YEIDIS YADIRA',4,'2008'),(150,'MONROY MESA NURYS MARCELA',4,'2008'),(151,'MONSALVE SERNA JESUS MATEO',4,'2008'),(152,'MONTOYA ATEHORTUA BIUNIS FRANCELY',4,'2008'),(153,'MOSQUERA PARRA ANDRES DAVID',4,'2008'),(154,'MOSQUERA RUA KEVIN DAMIAN',4,'2008'),(155,'MUÑOZ ESTRADA HENRY JOSE',4,'2008'),(156,'MURILLO VARILLA JEFERSON ANDRES',4,'2008'),(157,'PACHECO FUERTES ADRIEL ALEXANDER',4,'2008'),(158,'PEÑA LONDOÑO LUIS CARLOS',4,'2008'),(159,'PEREZ COLORADO MATEO',4,'2008'),(160,'RAMIREZ SEQUEDA ERIKA YULIETH',4,'2008'),(161,'RAVE CIFUENTES MARTIN ALEXANDER',4,'2008'),(162,'RENTERIA RAMIREZ KATTY YULIETH',4,'2008'),(163,'RIVAS CUESTA HEIDY YULIANA',4,'2008'),(164,'SALCEDO CASTILLO WILMER RAFAEL',4,'2008'),(165,'SIERRA VILLA ISMARIS ALEJANDRA',4,'2008'),(166,'VARGAS MEJIA IVAN ERNESTO',4,'2008'),(167,'VASQUEZ VELEZ PAULA ANDREA',4,'2008'),(168,'VOCCONI MARTINEZ VICTOR EDUARDO',4,'2008'),(169,'ZAMBRADO CASTRILLON MARY ESTEFANIA',4,'2008'),(170,'ALZATE GARCIA CRISTINA PAOLA',5,'2008'),(171,'ANDRADE MARTINEZ CRISTINA ISABEL',5,'2008'),(172,'ATEHORTUA LONDOÑO EDINSON',5,'2008'),(173,'BEJARANO MATURANA JUAN CARLOS',5,'2008'),(174,'BEJARANO RENTERIA ROSSI ROSMIRA',5,'2008'),(175,'CAICEDO ZEA YAMITH',5,'2008'),(176,'CANO VELEZ ELIDIANA PATRICIA',5,'2008'),(177,'CORTES MEDINA SIRLEIDYS',5,'2008'),(178,'COTERA GONZALEZ LUZ MARY',5,'2008'),(179,'ECHAVARRIA ECHEVERRI JUAN PABLO',5,'2008'),(180,'GIRALDO RAMIREZ AIDA VICTORIA',5,'2008'),(181,'GIRALDO RAMIREZ MILEYDIS',5,'2008'),(182,'GOMEZ MONROY MARIA ALEJANDRA',5,'2008'),(183,'HERNANDEZ CARRASQUILLA KEVIN STIVEN',5,'2008'),(184,'HERNANDEZ DIAZ EDNA LUZ',5,'2008'),(185,'LOPEZ LEDEZMA MARIA ELIZABETH',5,'2008'),(186,'LOZANO ORREGO CINDY PAOLA',5,'2008'),(187,'MENA MENA KATERINE',5,'2008'),(188,'MONTOYA ARRIETA ANDRES ESTEBAN',5,'2008'),(189,'MORALES RUIZ PAOLA ANDREA',5,'2008'),(190,'MORENO VELEZ BERTA OLIVA',5,'2008'),(191,'MOSQUERA GALINDO MARIA HIRLENDIS',5,'2008'),(192,'MOSQUERA HERNANDEZ YONIER ALEXIS',5,'2008'),(193,'MOSQUERA MOSQUERA GIRLEZA',5,'2008'),(194,'MOSQUERA MOSQUERA YIBER ORLANDO',5,'2008'),(195,'MURILLO DOMINGUEZ JOAQUIN ESTEBAN',5,'2008'),(196,'OBREGON TORRES VALERIN VALERIA',5,'2008'),(197,'PERLAZA POSADA CARMEN MARIA',5,'2008'),(198,'RAMIREZ BEJARANO MARIO ALBERTO',5,'2008'),(199,'RENGIFO PALACIO MANUEL',5,'2008'),(200,'RENTERIA BERMUDEZ LUCIA DEL CARMEN',5,'2008'),(201,'RENTERIA MACHADO KELLY JOHANA',5,'2008'),(202,'RENTERIA RAMIREZ YORLADIS',5,'2008'),(203,'RENTERIA RENTERIA JENNY PAOLA',5,'2008'),(204,'RESTREPO CIFUENTES IRMA JANETH',5,'2008'),(205,'ROA BALOYES JEISON RUVIAN',5,'2008'),(206,'ROMAÑA PALACIN YEDINSON',5,'2008'),(207,'SALAMANDRA RENTERIA SAIR ESTIVIN',5,'2008'),(208,'SALGADO SANTERO FERNEY ISAIAS',5,'2008'),(209,'ARROYO ORTIZ YULIET NATALI',6,'2008'),(210,'BEJARANO PALACIO ZULAY YUSERFY',6,'2008'),(211,'BERRIO MOSQUERA ELVIA LUCIA',6,'2008'),(212,'BERRIO MOSQUERA JAVIER ALONSO',6,'2008'),(213,'BOHORQUEZ PASSO SEBASTIAN',6,'2008'),(214,'BORJA CUESTA INGRIS PAOLA',6,'2008'),(215,'BORJA RENTERIA MARIBEL',6,'2008'),(216,'BORJA SERNA MYRIAM ALEJANDRA',6,'2008'),(217,'BRACAMONTE PEREZ DANIELA',6,'2008'),(218,'BUILES CASTRILLON YULEY ANDREA',6,'2008'),(219,'CARDONA INGRI ESKELY',6,'2008'),(220,'CARVAJAL CASTILLO OLGA LUCIA',6,'2008'),(221,'CIFUENTES ARANGO LADY CAROLINA',6,'2008'),(222,'CONTRERAS ARANGO EDWIN ALONSO',6,'2008'),(223,'CONTRERAS DIAZ DAVID ENRIQUE',6,'2008'),(224,'CONTRERAS DIAZ MANUEL DAVID',6,'2008'),(225,'CORREA ROJAS CRISTINA ISABEL',6,'2008'),(226,'DIAZ CASTRO YINA PAOLA',6,'2008'),(227,'GARCES QUIROZ KELLY ANDREA',6,'2008'),(228,'GIRALDO GOMEZ DEYSI MILENA',6,'2008'),(229,'GONZALEZ SALCEDO GREGORIO MANUEL',6,'2008'),(230,'GONZALEZ SALCEDO MAURA CECILIA',6,'2008'),(231,'GUTIERREZ AYALA SINTIA MAGDALENA',6,'2008'),(232,'GUZMAN GARCIA JENIFER ALEXANDRA',6,'2008'),(233,'HENAO VASQUEZ DUBER ANDRES',6,'2008'),(234,'JARAMILLO DURANGO EDITH DAMARIS',6,'2008'),(235,'JARAMILLO DURANGO JOHN ARLEY',6,'2008'),(236,'JIMENEZ MONTIEL WILBER ANDRES',6,'2008'),(237,'LEMOS CUESTA JOHAN ANDRES',6,'2008'),(238,'LOZANO ROBLEDO DARINSON ANTONIO',6,'2008'),(239,'MARTINEZ CASTILLO TATIANA PAHOLA',6,'2008'),(240,'MARTINEZ URANGO ONEDIS',6,'2008'),(241,'MELENDEZ CHAVEZ LORENZA JUDITH',6,'2008'),(242,'MESA ACOSTA YANIRIS CONSUELO',6,'2008'),(243,'MEZA MOSQUERA JUAN DANIEL',6,'2008'),(244,'MONROY MONTOYA YORMAN ANDRES',6,'2008'),(245,'MORENO SERNA DIANA',6,'2008'),(246,'MOSQUERA GARCIA LEIDYS YULIANA',6,'2008'),(247,'MOSQUERA RUIZ GEIDY ZULEY',6,'2008'),(248,'MUÑOZ ARANGO JHONATAN ANDRES',6,'2008'),(249,'MURILLO PEREA DIANA PATRICIA',6,'2008'),(250,'MURILLO RENTERIA ISELL ANDREA',6,'2008'),(251,'MURILLO VARILLA CARLOS ANTONIO',6,'2008'),(252,'PEREZ CABADIAS DONALDO LUIS',6,'2008'),(253,'PINEDA MACHADO AUSTIN',6,'2008'),(254,'RAMIREZ AGUIRRE DIANA MELIZA',6,'2008'),(255,'RAMIREZ VALENCIA OSCAR ALONSO',6,'2008'),(256,'RENGIFO PALACIO ARGENIS PATRICIA',6,'2008'),(257,'RENTERIA COPETE XIOMARA',6,'2008'),(258,'RENTERIA RENTERIA DIANA PATRICIA',6,'2008'),(259,'SERNA OBREGON JUDITH',6,'2008'),(260,'URIBE SEPULVEDA HENRY ESTEBAN',6,'2008'),(261,'VARGAS ACOSTA JORGE LUIS',6,'2008'),(262,'VASQUEZ ANZOLA NELSON DAVID',6,'2008'),(263,'VASQUEZ OCHOA CRISTIAN DAVID',6,'2008'),(264,'VASQUEZ SERNA EUGEN ANDRES',6,'2008'),(265,'VERGARA RODRIGUEZ CRISTIAN JOSE',6,'2008'),(266,'ZAPATA GARCIA LINA MARIA',6,'2008'),(267,'AGUILAR ARANGO LEONARDO',7,'2008'),(268,'ALEMAN CASTRO KELY JOHANA',7,'2008'),(269,'ALVAREZ CORONADO CARLOS MARIO',7,'2008'),(270,'ALVAREZ LOPEZ DANIELA',7,'2008'),(271,'BABILONIA MEJIA JULIA ENITH',7,'2008'),(272,'BOTERO MARTINEZ OBED ANDRES',7,'2008'),(273,'CAICEDO CARDONA ANGIE PAOLA',7,'2008'),(274,'CAICEDO HINESTROZA KEILA MARIEL',7,'2008'),(275,'CARDONA MADRIGAL NAZLY YOMARA',7,'2008'),(276,'CARMONA MONROY ESTEBAN',7,'2008'),(277,'CASTRO CASTAÑEDA IVAN DAVID',7,'2008'),(278,'CONTRERAS ARANGO ADOLFO LEON',7,'2008'),(279,'CORDOBA CUESTA YORDAN',7,'2008'),(280,'ESPITIA VELASQUEZ YINIBEETH',7,'2008'),(281,'GALLEGO SALGADO LINA PAOLA',7,'2008'),(282,'GOMEZ PINEDA JULIANA MILEIDY',7,'2008'),(283,'GONZALEZ CHAVARRIA JUAN DAVID',7,'2008'),(284,'GUEVARA COSSIO ANNY YULISSA',7,'2008'),(285,'GUTIERREZ ROJAS BLENDIS MARCELA',7,'2008'),(286,'HERAZO RAMOS ANDREA PAOLA',7,'2008'),(287,'HERRERA ARRIETA ARLEY',7,'2008'),(288,'MARIN BURITICA GIOVANNY',7,'2008'),(289,'MARIN HERRERA DARLING IVETH',7,'2008'),(290,'MELENDEZ CHAVEZ REINA PATRICIA',7,'2008'),(291,'MOSQUERA MORENO EIDER ANTONIO',7,'2008'),(292,'MUÑOZ SANDOVAL EDWIN ANDRES',7,'2008'),(293,'PALACIO ZAPATA DUWAN ESTEBAN',7,'2008'),(294,'RAMIREZ ALMANZA JESUS ALBERTO',7,'2008'),(295,'RAMIREZ MOSQUERA LUIS MIGUEL',7,'2008'),(296,'RAMOS ACOSTA YESENIA MARIA',7,'2008'),(297,'RODRIGUEZ ZULETA ARLEY DUVAN',7,'2008'),(298,'SIERRA FERNANDEZ MIKE STEVEN',7,'2008'),(299,'TORO DURANGO ADRIANA CAROLINA',7,'2008'),(300,'VERGARA RODRIGUEZ GREY LIZET',7,'2008'),(301,'VOCCONI RAMIREZ WENDY ZOEL',7,'2008'),(302,'ZABALETA PEREZ SEBASTIAN',7,'2008'),(303,'ALVAREZ MONTERROSA JAVIER ANTONIO',8,'2008'),(304,'CADAVID LONDOÑO AURORA DEL SOCORRO',8,'2008'),(305,'CHAVERRA MORENO SANDRA YANELA',8,'2008'),(306,'CHAVEZ GONZALEZ MUNIS ENRIQUE',8,'2008'),(307,'CORDOBA PATIÑO JUAN CAMILO',8,'2008'),(308,'ESCOBAR HINCAPIE JORGE LUIS',8,'2008'),(309,'ESPEJO ALZATE MARCOS DAIR',8,'2008'),(310,'GOMEZ RENTERIA ADRIANA PAOLA',8,'2008'),(311,'LONDOÑO BONILLA JACSON ARIEL',8,'2008'),(312,'MARTINEZ MOSQUERA SIXTA TULIA',8,'2008'),(313,'MARTINEZ VALENCIA JONATHAN',8,'2008'),(314,'MEJIA DIAZ KELLYS JOHANA',8,'2008'),(315,'MENESES LONDOÑO JUAN DAVID',8,'2008'),(316,'MERCADO DORIA EDILSA ELIANA',8,'2008'),(317,'MOLINA GALLEGO DIDIER',8,'2008'),(318,'MONAR ZAPATA RICARDO DE JESUS',8,'2008'),(319,'MONROY ALZATE JOHAN ESTEBAN',8,'2008'),(320,'MONTES RICARDO LUCELIS',8,'2008'),(321,'MORENO MOSQUERA MARLON STIWAR',8,'2008'),(322,'MOSQUERA MACHADO DARWIN',8,'2008'),(323,'MOSQUERA MURILLO BREINER',8,'2008'),(324,'MURILLO ARANGO KEILA JOHANA',8,'2008'),(325,'OCHOA VASQUEZ JHENCY YAJAIRA',8,'2008'),(326,'PAEZ CASTILLO JORGE IVAN',8,'2008'),(327,'PALACIO HINCAPIE YURANY ANDREA',8,'2008'),(328,'RAMOS ACOSTA JOSE YAIR',8,'2008'),(329,'RIVAS CUESTA INGRID SORAYA',8,'2008'),(330,'SALGADO ALVAREZ YESENIA',8,'2008'),(331,'SALGADO SANTERO CESAR AUGUSTO',8,'2008'),(332,'SERNA BERTEL JULIAN ALBERTO',8,'2008'),(333,'TAPIAS RENTERIA GINERLAN CATALINA',8,'2008'),(334,'VELASQUEZ BEJARANO ANDERSON',8,'2008'),(335,'VELASQUEZ BEJARANO YENIFER',8,'2008'),(336,'VOCCONI MARTINEZ VICKY NATALIA',8,'2008'),(337,'ZAMBRANO ANGULO YULIETH ESTEFAN',8,'2008'),(338,'ACOSTA MONTOYA MELANY LICETH',9,'2008'),(339,'AGUILAR ARANGO FABIAN ANDRES',9,'2008'),(340,'ALEGRIA IBARGÜEN NERLIN JHOHANA',9,'2008'),(341,'ALEGRIA ROA NERLIN JOHANA',9,'2008'),(342,'ALEMAN PIEDRAHITA EDWIN MAURICIO',9,'2008'),(343,'ARISTIZABAL GUERRA CINDY ESTEFANIA',9,'2008'),(344,'ATENCIO BELTRAN EDGAR FABIAN',9,'2008'),(345,'BEDOYA ESPINOSA DENIS URLEY',9,'2008'),(346,'CAICEDO CARDONA GINA VALERIA',9,'2008'),(347,'CARMONA CORONADO PABLO ALBERTO',9,'2008'),(348,'CHAVEZ GONZALEZ WILSON EDUARDO',9,'2008'),(349,'CORTEZ ZAPATA JOHN ALEXANDER',9,'2008'),(350,'CUARTAS OLIBAR SERGIO LUIS',9,'2008'),(351,'CUESTA MORENO MAIRA YISEL',9,'2008'),(352,'CUESTA MORENO SHIRLEY PAOLA',9,'2008'),(353,'DIAZ CARO YARLENIS',9,'2008'),(354,'FLOREZ GIL AURA CRISTINA',9,'2008'),(355,'GIRALDO MARQUEZ LINA PATRICIA',9,'2008'),(356,'GOMEZ JARAMILLO DEISI MARCELA',9,'2008'),(357,'HERRERA CONTRERAS GEIMER LUIS',9,'2008'),(358,'HINESTROZA MEJIA ANA MARIA',9,'2008'),(359,'JIMENEZ PEREZ EDWAR ANDRES',9,'2008'),(360,'JIMENEZ PEREZ LUISA FERNANDA',9,'2008'),(361,'LEUDO PALACIOS FREDY',9,'2008'),(362,'LONDOÑO MURILLO YESID ALEJANDRO',9,'2008'),(363,'LONDOÑO TORRES LICEIDI ILDUARA',9,'2008'),(364,'MACHADO MACHADO YUSSI MILEIDI',9,'2008'),(365,'MARIN MEJIA LEYDIS SAMARA',9,'2008'),(366,'MARTINEZ BORJA MARYORI ALEXANDRA',9,'2008'),(367,'MAZA PION DIANA PAOLA',9,'2008'),(368,'MELENDEZ CHAVEZ ADRIANA MARIA',9,'2008'),(369,'MENA PALACIO KATHERINE',9,'2008'),(370,'MORENO ALEMAN VIVIANCY ANDREA',9,'2008'),(371,'MORENO ANDICA JOSE HELIODORO',9,'2008'),(372,'MOSQUERA BORJA ALBA VANESSA',9,'2008'),(373,'MOSQUERA GAMBOA JUAN DAVID',9,'2008'),(374,'MOSQUERA MOSQUERA YIRLENIS YURLEY',9,'2008'),(375,'MOSQUERA PEREA KELY JAZMIN',9,'2008'),(376,'NARVAEZ LOPEZ LEIVIS YASMITH',9,'2008'),(377,'PALACIO BORJA CARLOS ARTURO',9,'2008'),(378,'PEREZ MOSQUERA KATERIN VANESSA',9,'2008'),(379,'PION JARAMILLO HECTOR SAMIR',9,'2008'),(380,'PION JARAMILLO NINI JOHANA',9,'2008'),(381,'PORTELA CARDENAS ANIBAL',9,'2008'),(382,'PRADO MONTOYA SILVANA ANDREA',9,'2008'),(383,'QUIROGA PIEDRAHITA LAURA TATIANA',9,'2008'),(384,'RAMIREZ ALMANZA KELLY JOHANA',9,'2008'),(385,'RAMIREZ VALENCIA JHON JAIME',9,'2008'),(386,'RENTERIA COPETE KELLY JOHANA',9,'2008'),(387,'TORRES GIRALDO KATHERINE',9,'2008'),(388,'YALI MENA WENDY YULIETH',9,'2008'),(389,'AGUDELO MERCADO CRISTIAN FELIPE',10,'2008'),(390,'ARRIETA MARTINEZ ORLENIS PAOLA',10,'2008'),(391,'ARRIETA VILORIA HERIBERTO',10,'2008'),(392,'BEJARANO RAMIREZ YENIFER',10,'2008'),(393,'BRACAMONTE PEREZ GABRIELA OLIVA',10,'2008'),(394,'CANO VELEZ LEONELA',10,'2008'),(395,'CARDENAS CARRASCAL KAREN OLIVA',10,'2008'),(396,'CASTRO ROJAS BENYI MARLEY',10,'2008'),(397,'CORTEZ MEDINA FARY YANCELY',10,'2008'),(398,'DIAZ COCHERO DIONISIO ENRIQUE',10,'2008'),(399,'GARCIA FLOREZ ANDRES FELIPE',10,'2008'),(400,'GOMEZ VALENCIA WILMER ANTONIO',10,'2008'),(425,'PORTELA MARIA ALEJANDRA',1,'2008'),(402,'GUERRA MOSQUERA OMAR YESID',10,'2008'),(403,'HENAO VASQUEZ LEIDI TATIANA',10,'2008'),(404,'HERNANDEZ GOMEZ ENDA ROCIO',10,'2008'),(405,'HERRERA HERNANDEZ YESSICA MAIRET',10,'2008'),(406,'JIMENEZ BOHORQUEZ LEICY YOLIVES',10,'2008'),(407,'LEMOS RENTERIA JOSE CARDENIO',10,'2008'),(408,'MAZO CONTRERAS YEIMER JOSE',10,'2008'),(409,'MENA GARCIA SNAYDER',10,'2008'),(410,'MENA URIBE EDWIN EVER',10,'2008'),(411,'MERCADO DORIA LEDYS EDITH',10,'2008'),(412,'MOSQUERA HERNANDEZ YIRNEDIS DUREIDY',10,'2008'),(413,'MUÑOZ ARANGO JAIDER JOHAN',10,'2008'),(414,'OBREGON MOSQUERA NESTOR DARIO',10,'2008'),(415,'OSPINA QUIROZ LILIAM NATALY',10,'2008'),(416,'PALACIO GARCIA JAMER ADOLFO',10,'2008'),(417,'PEREZ VELASQUEZ DIDIER ADOLFO',10,'2008'),(418,'PION JARAMILLO YORMAN JONATAN',10,'2008'),(419,'RAMIREZ RENTERIA KELLY JOHANA',10,'2008'),(420,'ROA HINESTROZA YENNIFER ALEJANDRA',10,'2008'),(421,'ROJAS PERLAZA LUIS FELIPE',10,'2008'),(422,'SERNA OBREGON JENIFER KATERINE',10,'2008'),(423,'TAPIAS NAVARRO DANIELA ALEJANDRA',10,'2008'),(424,'TORRES AGRESOTT JOSE SERAFIN',10,'2008'),(426,'MOSQUERA ALEJANDRA',5,'2008'),(427,'DIAZ RAMIREZ LUIS EDUARDO',5,'2008'),(428,'LEMUS JHONATAN',5,'2008'),(429,'MONTES ALMANZA SANDRA PATRICIA',9,'2008'),(430,'CARABALLO AVILES LEIDYS PATRICIA',9,'2008'),(431,'MOSQUERA MOSQUERA OMAR ARLEY',3,'2008'),(432,'PRADO ANDRES',5,'2008'),(433,'BORJA BENITEZ JHON JARVIE',2,'2008'),(437,'ASPRILLA GUZMAN FAUSTO',3,'2008'),(438,'LOPEZ ESTRADA ALEIBER',3,'2008'),(439,'PAYARES ZAPATA OMAR DARIO',3,'2008'),(440,'GUERRERO ECHAVARRIA JUAN DAVID',5,'2008'),(441,'DIAZ RAMIREZ RAFAEL EDUARDO',5,'2008'),(442,'BELLO AVILA JAIDER JAVIER',5,'2008'),(443,'QUEJADA MARTINEZ JEFFERSON ANDRES',6,'2008'),(444,'VALENCIA MARTINEZ FAISURI',9,'2008'),(445,'MOSQUERA RUIZ GEYDI ZULEY',5,'2008');

/*Table structure for table `grados` */

DROP TABLE IF EXISTS `grados`;

CREATE TABLE `grados` (
  `id` int(255) NOT NULL auto_increment,
  `nombre` varchar(255) collate latin1_general_ci default NULL,
  `year` varchar(10) collate latin1_general_ci default NULL,
  PRIMARY KEY  (`id`)
) ENGINE=MyISAM AUTO_INCREMENT=18 DEFAULT CHARSET=latin1 COLLATE=latin1_general_ci ROW_FORMAT=DYNAMIC;

/*Data for the table `grados` */

insert  into `grados`(`id`,`nombre`,`year`) values (1,'SEXTO - A','2008'),(2,'SEXTO - B','2008'),(3,'SEXTO - C','2008'),(4,'SEPTIMO - A','2008'),(5,'SEPTIMO - B','2008'),(6,'OCTAVO','2008'),(7,'NOVENO - A','2008'),(8,'NOVENO - B','2008'),(9,'DECIMO','2008'),(10,'UNDECIMO','2008'),(17,'Página Web','2008');

/*Table structure for table `materias` */

DROP TABLE IF EXISTS `materias`;

CREATE TABLE `materias` (
  `id` int(255) NOT NULL auto_increment,
  `nombre_mat` varchar(255) collate latin1_general_ci default NULL,
  PRIMARY KEY  (`id`)
) ENGINE=MyISAM AUTO_INCREMENT=10 DEFAULT CHARSET=latin1 COLLATE=latin1_general_ci ROW_FORMAT=DYNAMIC;

/*Data for the table `materias` */

insert  into `materias`(`id`,`nombre_mat`) values (6,'Ciencias Naturales'),(5,'Matemáticas'),(7,'Español'),(8,'KIKO'),(9,'Tecnología e Informática.');

/*Table structure for table `notasxestudiantes` */

DROP TABLE IF EXISTS `notasxestudiantes`;

CREATE TABLE `notasxestudiantes` (
  `id` int(255) NOT NULL auto_increment,
  `id_estudiante` int(255) default NULL,
  `id_grupo` int(255) default NULL,
  `notas` decimal(10,1) default NULL,
  `concepto` int(255) default NULL,
  `periodo` varchar(1) collate latin1_general_ci default NULL,
  PRIMARY KEY  (`id`)
) ENGINE=MyISAM AUTO_INCREMENT=3733 DEFAULT CHARSET=latin1 COLLATE=latin1_general_ci;

/*Data for the table `notasxestudiantes` */

insert  into `notasxestudiantes`(`id`,`id_estudiante`,`id_grupo`,`notas`,`concepto`,`periodo`) values (1,1,1,'5.0',1,'1'),(2,2,1,'5.0',1,'1'),(3,3,1,'5.0',1,'1'),(4,4,1,'3.7',1,'1'),(5,5,1,'4.0',1,'1'),(6,6,1,'5.0',1,'1'),(7,7,1,'5.0',1,'1'),(8,8,1,'4.0',1,'1'),(9,9,1,'5.0',1,'1'),(10,10,1,'5.0',1,'1'),(11,11,1,'4.0',1,'1'),(12,12,1,'5.0',1,'1'),(13,13,1,'5.0',1,'1'),(14,14,1,'4.0',1,'1'),(15,15,1,'5.0',1,'1'),(16,16,1,'5.0',1,'1'),(17,17,1,'5.0',1,'1'),(18,18,1,'5.0',1,'1'),(19,19,1,'4.0',1,'1'),(2427,22,1,'4.0',1,'1'),(21,23,1,'5.0',1,'1'),(22,24,1,'5.0',1,'1'),(23,25,1,'5.0',1,'1'),(24,26,1,'5.0',1,'1'),(25,27,1,'5.0',1,'1'),(26,28,1,'0.0',1,'1'),(27,29,1,'5.0',1,'1'),(28,30,1,'5.0',1,'1'),(29,31,1,'5.0',1,'1'),(30,33,1,'5.0',1,'1'),(31,34,1,'5.0',1,'1'),(32,35,1,'5.0',1,'1'),(33,36,1,'5.0',1,'1'),(34,37,1,'4.0',1,'1'),(35,38,1,'0.0',1,'1'),(36,39,1,'5.0',1,'1'),(37,40,1,'0.0',1,'1'),(38,41,1,'5.0',1,'1'),(39,42,1,'5.0',1,'1'),(40,1,1,'4.0',2,'1'),(41,2,1,'5.0',2,'1'),(42,3,1,'4.0',2,'1'),(43,6,1,'5.0',2,'1'),(44,5,1,'3.0',2,'1'),(45,7,1,'5.0',2,'1'),(46,9,1,'4.0',2,'1'),(47,10,1,'4.0',2,'1'),(48,11,1,'5.0',2,'1'),(49,12,1,'5.0',2,'1'),(50,13,1,'3.0',2,'1'),(51,14,1,'4.0',2,'1'),(52,15,1,'4.0',2,'1'),(53,16,1,'5.0',2,'1'),(54,17,1,'4.0',2,'1'),(55,18,1,'3.0',2,'1'),(56,19,1,'1.0',2,'1'),(57,23,1,'3.0',2,'1'),(58,24,1,'4.0',2,'1'),(59,25,1,'5.0',2,'1'),(60,26,1,'4.0',2,'1'),(61,27,1,'5.0',2,'1'),(62,28,1,'5.0',2,'1'),(63,29,1,'4.0',2,'1'),(64,30,1,'5.0',2,'1'),(65,31,1,'5.0',2,'1'),(66,33,1,'3.0',2,'1'),(67,34,1,'3.0',2,'1'),(68,35,1,'5.0',2,'1'),(69,36,1,'3.0',2,'1'),(70,37,1,'4.0',2,'1'),(71,39,1,'4.0',2,'1'),(72,41,1,'5.0',2,'1'),(73,42,1,'5.0',2,'1'),(74,6,1,'4.5',3,'1'),(75,7,1,'3.0',3,'1'),(76,8,1,'4.3',3,'1'),(77,12,1,'4.3',3,'1'),(78,13,1,'3.9',3,'1'),(79,14,1,'4.0',3,'1'),(80,15,1,'5.0',3,'1'),(81,16,1,'4.5',3,'1'),(82,17,1,'4.9',3,'1'),(83,18,1,'4.9',3,'1'),(84,22,1,'4.5',3,'1'),(85,23,1,'3.0',3,'1'),(86,26,1,'2.5',3,'1'),(87,27,1,'3.0',3,'1'),(88,28,1,'5.0',3,'1'),(89,30,1,'4.5',3,'1'),(90,31,1,'4.5',3,'1'),(91,34,1,'3.0',3,'1'),(92,35,1,'3.0',3,'1'),(93,37,1,'4.2',3,'1'),(94,39,1,'3.9',3,'1'),(95,41,1,'4.0',3,'1'),(96,43,2,'4.9',4,'1'),(97,44,2,'4.9',4,'1'),(98,48,2,'5.0',4,'1'),(99,51,2,'4.9',4,'1'),(100,53,2,'4.8',4,'1'),(101,55,2,'4.9',4,'1'),(102,63,2,'4.8',4,'1'),(103,64,2,'4.9',4,'1'),(104,65,2,'4.9',4,'1'),(105,67,2,'4.8',4,'1'),(106,69,2,'4.8',4,'1'),(107,70,2,'4.9',4,'1'),(909,72,2,'5.0',4,'1'),(866,74,2,'5.0',4,'1'),(110,79,2,'4.9',4,'1'),(111,81,2,'4.7',4,'1'),(112,82,2,'4.8',4,'1'),(113,43,2,'5.0',5,'1'),(114,44,2,'5.0',5,'1'),(115,45,2,'5.0',5,'1'),(116,46,2,'5.0',5,'1'),(117,47,2,'5.0',5,'1'),(118,48,2,'5.0',5,'1'),(119,49,2,'5.0',5,'1'),(120,51,2,'5.0',5,'1'),(121,52,2,'5.0',5,'1'),(122,53,2,'4.0',5,'1'),(123,57,2,'5.0',5,'1'),(124,58,2,'5.0',5,'1'),(125,62,2,'3.5',5,'1'),(126,63,2,'4.0',5,'1'),(127,64,2,'3.5',5,'1'),(128,65,2,'5.0',5,'1'),(129,67,2,'5.0',5,'1'),(130,68,2,'1.0',5,'1'),(131,69,2,'3.5',5,'1'),(132,70,2,'5.0',5,'1'),(133,71,2,'3.5',5,'1'),(134,72,2,'5.0',5,'1'),(135,73,2,'5.0',5,'1'),(136,74,2,'5.0',5,'1'),(137,78,2,'5.0',5,'1'),(138,79,2,'5.0',5,'1'),(139,80,2,'3.5',5,'1'),(140,81,2,'5.0',5,'1'),(141,82,2,'5.0',5,'1'),(142,83,2,'5.0',5,'1'),(143,85,2,'3.5',5,'1'),(144,86,2,'5.0',5,'1'),(145,87,2,'5.0',5,'1'),(146,89,2,'2.5',5,'1'),(147,129,4,'5.0',6,'1'),(148,128,4,'5.0',6,'1'),(149,132,4,'4.8',6,'1'),(150,131,4,'5.0',6,'1'),(151,133,4,'5.0',6,'1'),(152,135,4,'3.0',6,'1'),(153,136,4,'5.0',6,'1'),(755,137,4,'5.0',6,'1'),(155,138,4,'4.8',6,'1'),(156,139,4,'4.9',6,'1'),(157,140,4,'5.0',6,'1'),(158,141,4,'5.0',6,'1'),(776,146,4,'5.0',6,'1'),(160,148,4,'5.0',6,'1'),(759,150,4,'5.0',6,'1'),(162,153,4,'4.8',6,'1'),(163,154,4,'5.0',6,'1'),(164,156,4,'5.0',6,'1'),(165,158,4,'5.0',6,'1'),(166,159,4,'5.0',6,'1'),(167,162,4,'4.3',6,'1'),(168,164,4,'5.0',6,'1'),(169,169,4,'4.7',6,'1'),(170,140,4,'5.0',7,'1'),(171,143,4,'5.0',7,'1'),(172,144,4,'4.8',7,'1'),(779,148,4,'5.0',7,'1'),(174,155,4,'5.0',7,'1'),(175,159,4,'5.0',7,'1'),(176,160,4,'4.8',7,'1'),(177,164,4,'5.0',7,'1'),(178,165,4,'5.0',7,'1'),(179,169,4,'5.0',7,'1'),(765,128,4,'5.0',8,'1'),(768,130,4,'4.8',8,'1'),(753,131,4,'5.0',8,'1'),(183,133,4,'4.5',8,'1'),(761,132,4,'5.0',8,'1'),(185,135,4,'3.6',8,'1'),(186,137,4,'5.0',8,'1'),(766,138,4,'3.3',8,'1'),(773,139,4,'4.0',8,'1'),(189,140,4,'5.0',8,'1'),(772,141,4,'5.0',8,'1'),(191,144,4,'5.0',8,'1'),(192,146,4,'5.0',8,'1'),(775,147,4,'5.0',8,'1'),(194,149,4,'3.0',8,'1'),(195,148,4,'5.0',8,'1'),(196,150,4,'4.0',8,'1'),(781,153,4,'4.5',8,'1'),(774,154,4,'5.0',8,'1'),(199,155,4,'5.0',8,'1'),(770,156,4,'5.0',8,'1'),(201,158,4,'5.0',8,'1'),(202,159,4,'5.0',8,'1'),(764,160,4,'5.0',8,'1'),(204,161,4,'3.6',8,'1'),(777,162,4,'5.0',8,'1'),(206,163,4,'4.2',8,'1'),(207,164,4,'4.5',8,'1'),(763,165,4,'5.0',8,'1'),(767,166,4,'4.5',8,'1'),(210,167,4,'4.0',8,'1'),(211,168,4,'3.0',8,'1'),(212,169,4,'4.3',8,'1'),(213,170,5,'3.5',9,'1'),(214,172,5,'4.3',9,'1'),(215,175,5,'4.3',9,'1'),(216,177,5,'5.0',9,'1'),(217,176,5,'5.0',9,'1'),(218,180,5,'5.0',9,'1'),(219,181,5,'5.0',9,'1'),(220,182,5,'3.5',9,'1'),(221,183,5,'3.5',9,'1'),(222,186,5,'5.0',9,'1'),(223,189,5,'3.5',9,'1'),(224,191,5,'3.0',9,'1'),(225,192,5,'3.5',9,'1'),(226,194,5,'3.8',9,'1'),(227,196,5,'5.0',9,'1'),(228,198,5,'4.5',9,'1'),(229,199,5,'3.5',9,'1'),(230,201,5,'3.5',9,'1'),(231,202,5,'3.5',9,'1'),(232,204,5,'5.0',9,'1'),(233,205,5,'5.0',9,'1'),(234,206,5,'3.5',9,'1'),(235,207,5,'3.8',9,'1'),(236,208,5,'3.5',9,'1'),(237,175,5,'5.0',10,'1'),(238,176,5,'4.0',10,'1'),(239,183,5,'5.0',10,'1'),(240,185,5,'4.0',10,'1'),(241,189,5,'5.0',10,'1'),(242,192,5,'5.0',10,'1'),(243,191,5,'5.0',10,'1'),(244,194,5,'4.0',10,'1'),(245,199,5,'5.0',10,'1'),(246,202,5,'5.0',10,'1'),(247,206,5,'4.0',10,'1'),(248,207,5,'5.0',10,'1'),(249,208,5,'5.0',10,'1'),(250,175,5,'4.4',11,'1'),(251,187,5,'3.5',11,'1'),(252,189,5,'4.4',11,'1'),(253,191,5,'4.4',11,'1'),(254,197,5,'3.5',11,'1'),(255,198,5,'4.4',11,'1'),(256,203,5,'3.5',11,'1'),(257,205,5,'4.4',11,'1'),(258,209,6,'5.0',13,'1'),(259,209,6,'4.7',12,'1'),(260,210,6,'4.8',12,'1'),(261,210,6,'5.0',13,'1'),(262,211,6,'3.7',13,'1'),(263,211,6,'5.0',12,'1'),(264,212,6,'4.6',12,'1'),(265,212,6,'3.0',13,'1'),(266,213,6,'4.9',13,'1'),(267,213,6,'3.0',12,'1'),(268,215,6,'4.5',12,'1'),(269,215,6,'4.9',13,'1'),(270,216,6,'4.5',13,'1'),(271,216,6,'4.0',12,'1'),(272,217,6,'4.6',12,'1'),(273,217,6,'3.5',13,'1'),(274,218,6,'3.0',13,'1'),(275,218,6,'4.6',12,'1'),(276,219,6,'4.0',12,'1'),(277,219,6,'4.0',13,'1'),(278,220,6,'5.0',13,'1'),(279,220,6,'4.6',12,'1'),(280,221,6,'5.0',12,'1'),(281,221,6,'5.0',13,'1'),(282,222,6,'5.0',13,'1'),(283,222,6,'4.6',12,'1'),(284,225,6,'4.3',12,'1'),(285,225,6,'4.9',13,'1'),(286,226,6,'5.0',13,'1'),(287,226,6,'4.3',12,'1'),(288,228,6,'5.0',12,'1'),(289,228,6,'4.4',13,'1'),(290,229,6,'5.0',13,'1'),(291,229,6,'3.7',12,'1'),(292,230,6,'4.7',13,'1'),(293,230,6,'3.5',12,'1'),(294,231,6,'4.3',12,'1'),(295,231,6,'3.8',13,'1'),(296,232,6,'3.4',13,'1'),(297,232,6,'4.6',12,'1'),(298,233,6,'5.0',13,'1'),(299,233,6,'4.6',12,'1'),(300,234,6,'4.2',13,'1'),(301,234,6,'4.6',12,'1'),(302,237,6,'5.0',13,'1'),(910,237,6,'4.3',12,'1'),(304,238,6,'4.9',13,'1'),(305,238,6,'4.3',12,'1'),(306,240,6,'3.0',13,'1'),(307,240,6,'5.0',12,'1'),(308,242,6,'3.3',13,'1'),(309,242,6,'3.6',12,'1'),(310,243,6,'5.0',13,'1'),(311,243,6,'4.8',12,'1'),(861,246,6,'5.0',12,'1'),(313,259,6,'4.0',13,'1'),(862,246,6,'4.0',13,'1'),(315,259,6,'4.0',12,'1'),(316,248,6,'4.9',13,'1'),(317,248,6,'5.0',12,'1'),(319,250,6,'4.0',12,'1'),(320,250,6,'4.8',13,'1'),(321,266,6,'3.7',13,'1'),(322,266,6,'4.6',12,'1'),(323,256,6,'4.8',13,'1'),(324,256,6,'4.0',12,'1'),(325,253,6,'4.0',13,'1'),(326,253,6,'3.0',12,'1'),(327,261,6,'2.0',13,'1'),(328,261,6,'5.0',12,'1'),(329,251,6,'5.0',13,'1'),(330,251,6,'4.0',12,'1'),(331,258,6,'3.5',13,'1'),(332,254,6,'4.0',12,'1'),(333,257,6,'4.0',12,'1'),(334,257,6,'3.0',13,'1'),(335,265,6,'4.3',12,'1'),(336,265,6,'2.5',13,'1'),(339,247,6,'3.4',12,'1'),(340,247,6,'2.5',13,'1'),(341,241,6,'2.5',13,'1'),(342,241,6,'5.0',12,'1'),(343,268,7,'3.8',14,'1'),(344,267,7,'4.9',14,'1'),(345,269,7,'4.7',14,'1'),(346,270,7,'5.0',14,'1'),(347,272,7,'5.0',14,'1'),(348,273,7,'4.7',14,'1'),(349,274,7,'4.7',14,'1'),(350,275,7,'4.6',14,'1'),(351,276,7,'4.9',14,'1'),(352,277,7,'4.7',14,'1'),(353,279,7,'4.1',14,'1'),(354,280,7,'4.5',14,'1'),(355,281,7,'4.7',14,'1'),(356,282,7,'4.7',14,'1'),(357,284,7,'4.9',14,'1'),(358,286,7,'4.6',14,'1'),(359,287,7,'4.5',14,'1'),(360,288,7,'4.5',14,'1'),(361,289,7,'4.7',14,'1'),(362,290,7,'3.8',14,'1'),(363,291,7,'3.0',14,'1'),(364,293,7,'5.0',14,'1'),(365,294,7,'4.6',14,'1'),(366,296,7,'4.9',14,'1'),(367,299,7,'4.9',14,'1'),(368,300,7,'3.8',14,'1'),(369,301,7,'4.9',14,'1'),(370,302,7,'5.0',14,'1'),(371,268,7,'4.8',15,'1'),(372,267,7,'5.0',15,'1'),(373,269,7,'2.0',15,'1'),(374,270,7,'4.7',15,'1'),(375,271,7,'2.4',15,'1'),(376,272,7,'4.5',15,'1'),(377,273,7,'3.6',15,'1'),(378,274,7,'3.2',15,'1'),(379,275,7,'4.2',15,'1'),(380,276,7,'5.0',15,'1'),(381,277,7,'3.2',15,'1'),(382,278,7,'4.5',15,'1'),(383,279,7,'3.4',15,'1'),(384,280,7,'3.2',15,'1'),(385,282,7,'4.8',15,'1'),(386,284,7,'5.0',15,'1'),(387,286,7,'4.8',15,'1'),(388,287,7,'3.2',15,'1'),(389,289,7,'5.0',15,'1'),(390,291,7,'2.5',15,'1'),(391,293,7,'3.7',15,'1'),(392,294,7,'2.5',15,'1'),(393,296,7,'5.0',15,'1'),(394,297,7,'1.6',15,'1'),(395,298,7,'1.6',15,'1'),(396,299,7,'3.2',15,'1'),(397,300,7,'3.4',15,'1'),(398,301,7,'1.6',15,'1'),(399,302,7,'4.3',15,'1'),(400,269,7,'5.0',16,'1'),(401,272,7,'5.0',16,'1'),(402,273,7,'4.5',16,'1'),(403,274,7,'5.0',16,'1'),(404,275,7,'5.0',16,'1'),(405,276,7,'4.0',16,'1'),(406,277,7,'5.0',16,'1'),(407,278,7,'5.0',16,'1'),(408,281,7,'5.0',16,'1'),(409,282,7,'5.0',16,'1'),(410,283,7,'5.0',16,'1'),(411,284,7,'5.0',16,'1'),(412,285,7,'5.0',16,'1'),(413,286,7,'5.0',16,'1'),(414,289,7,'5.0',16,'1'),(415,291,7,'4.0',16,'1'),(416,293,7,'5.0',16,'1'),(417,294,7,'5.0',16,'1'),(418,295,7,'5.0',16,'1'),(419,296,7,'5.0',16,'1'),(420,298,7,'5.0',16,'1'),(421,299,7,'5.0',16,'1'),(422,300,7,'5.0',16,'1'),(423,301,7,'5.0',16,'1'),(424,302,7,'5.0',16,'1'),(1033,267,7,'5.0',16,'1'),(426,304,8,'5.0',17,'1'),(427,303,8,'5.0',17,'1'),(428,306,8,'5.0',17,'1'),(429,305,8,'5.0',17,'1'),(430,307,8,'5.0',17,'1'),(431,308,8,'5.0',17,'1'),(432,309,8,'5.0',17,'1'),(433,310,8,'5.0',17,'1'),(434,312,8,'5.0',17,'1'),(435,311,8,'5.0',17,'1'),(436,313,8,'5.0',17,'1'),(437,314,8,'5.0',17,'1'),(438,315,8,'5.0',17,'1'),(439,316,8,'5.0',17,'1'),(440,317,8,'5.0',17,'1'),(441,318,8,'5.0',17,'1'),(442,319,8,'5.0',17,'1'),(443,320,8,'5.0',17,'1'),(444,321,8,'5.0',17,'1'),(445,322,8,'5.0',17,'1'),(446,323,8,'5.0',17,'1'),(447,324,8,'5.0',17,'1'),(448,325,8,'5.0',17,'1'),(449,326,8,'5.0',17,'1'),(450,327,8,'5.0',17,'1'),(451,329,8,'5.0',17,'1'),(452,328,8,'5.0',17,'1'),(453,330,8,'5.0',17,'1'),(454,331,8,'5.0',17,'1'),(455,332,8,'5.0',17,'1'),(456,333,8,'5.0',17,'1'),(457,334,8,'5.0',17,'1'),(458,335,8,'5.0',17,'1'),(459,336,8,'5.0',17,'1'),(460,337,8,'5.0',17,'1'),(461,303,8,'5.0',18,'1'),(462,304,8,'5.0',18,'1'),(463,306,8,'5.0',18,'1'),(464,305,8,'5.0',18,'1'),(465,307,8,'5.0',18,'1'),(466,308,8,'5.0',18,'1'),(467,309,8,'5.0',18,'1'),(468,310,8,'5.0',18,'1'),(469,311,8,'5.0',18,'1'),(470,312,8,'5.0',18,'1'),(471,313,8,'5.0',18,'1'),(472,314,8,'5.0',18,'1'),(473,315,8,'5.0',18,'1'),(474,316,8,'5.0',18,'1'),(475,318,8,'5.0',18,'1'),(476,317,8,'5.0',18,'1'),(477,319,8,'5.0',18,'1'),(478,321,8,'5.0',18,'1'),(479,320,8,'5.0',18,'1'),(480,322,8,'5.0',18,'1'),(481,323,8,'5.0',18,'1'),(482,325,8,'5.0',18,'1'),(483,324,8,'5.0',18,'1'),(484,326,8,'5.0',18,'1'),(485,327,8,'5.0',18,'1'),(486,328,8,'5.0',18,'1'),(487,329,8,'5.0',18,'1'),(488,330,8,'5.0',18,'1'),(489,331,8,'5.0',18,'1'),(490,332,8,'5.0',18,'1'),(491,334,8,'5.0',18,'1'),(492,333,8,'5.0',18,'1'),(493,336,8,'5.0',18,'1'),(494,335,8,'5.0',18,'1'),(495,337,8,'5.0',18,'1'),(496,338,9,'5.0',19,'1'),(497,339,9,'5.0',19,'1'),(498,341,9,'5.0',19,'1'),(499,342,9,'5.0',19,'1'),(500,344,9,'1.8',19,'1'),(501,346,9,'5.0',19,'1'),(502,347,9,'5.0',19,'1'),(503,348,9,'5.0',19,'1'),(504,349,9,'4.0',19,'1'),(505,350,9,'5.0',19,'1'),(506,351,9,'5.0',19,'1'),(507,352,9,'3.9',19,'1'),(508,354,9,'2.3',19,'1'),(509,356,9,'5.0',19,'1'),(510,357,9,'5.0',19,'1'),(511,358,9,'2.5',19,'1'),(512,360,9,'1.5',19,'1'),(513,361,9,'2.8',19,'1'),(514,362,9,'5.0',19,'1'),(515,363,9,'3.6',19,'1'),(516,365,9,'3.6',19,'1'),(517,366,9,'1.8',19,'1'),(518,367,9,'3.3',19,'1'),(519,368,9,'4.3',19,'1'),(520,370,9,'1.0',19,'1'),(521,372,9,'2.5',19,'1'),(522,373,9,'5.0',19,'1'),(523,376,9,'3.7',19,'1'),(524,377,9,'5.0',19,'1'),(525,378,9,'4.0',19,'1'),(526,381,9,'5.0',19,'1'),(527,382,9,'4.8',19,'1'),(528,383,9,'5.0',19,'1'),(529,384,9,'1.0',19,'1'),(530,385,9,'1.9',19,'1'),(531,386,9,'1.8',19,'1'),(532,387,9,'3.9',19,'1'),(606,342,9,'5.0',21,'1'),(605,341,9,'4.7',21,'1'),(604,338,9,'4.6',21,'1'),(603,388,9,'4.0',20,'1'),(602,387,9,'5.0',20,'1'),(601,386,9,'5.0',20,'1'),(600,384,9,'5.0',20,'1'),(599,383,9,'5.0',20,'1'),(598,382,9,'5.0',20,'1'),(597,381,9,'5.0',20,'1'),(596,380,9,'5.0',20,'1'),(595,378,9,'5.0',20,'1'),(594,377,9,'5.0',20,'1'),(593,376,9,'5.0',20,'1'),(592,375,9,'4.5',20,'1'),(591,373,9,'5.0',20,'1'),(590,372,9,'5.0',20,'1'),(589,368,9,'5.0',20,'1'),(588,366,9,'5.0',20,'1'),(587,367,9,'5.0',20,'1'),(586,363,9,'5.0',20,'1'),(585,362,9,'5.0',20,'1'),(584,361,9,'5.0',20,'1'),(583,360,9,'5.0',20,'1'),(582,359,9,'5.0',20,'1'),(581,357,9,'5.0',20,'1'),(580,354,9,'5.0',20,'1'),(579,351,9,'5.0',20,'1'),(578,349,9,'5.0',20,'1'),(577,350,9,'5.0',20,'1'),(576,348,9,'5.0',20,'1'),(575,347,9,'5.0',20,'1'),(573,342,9,'5.0',20,'1'),(574,346,9,'5.0',20,'1'),(572,341,9,'5.0',20,'1'),(570,338,9,'5.0',20,'1'),(571,339,9,'5.0',20,'1'),(607,343,9,'3.7',21,'1'),(608,344,9,'5.0',21,'1'),(609,346,9,'3.0',21,'1'),(610,347,9,'4.7',21,'1'),(611,348,9,'5.0',21,'1'),(612,349,9,'5.0',21,'1'),(613,350,9,'1.8',21,'1'),(614,351,9,'1.8',21,'1'),(615,352,9,'5.0',21,'1'),(616,353,9,'5.0',21,'1'),(617,354,9,'3.7',21,'1'),(618,355,9,'4.0',21,'1'),(619,356,9,'5.0',21,'1'),(620,357,9,'5.0',21,'1'),(621,358,9,'5.0',21,'1'),(622,359,9,'4.0',21,'1'),(623,360,9,'3.0',21,'1'),(624,361,9,'4.0',21,'1'),(625,362,9,'5.0',21,'1'),(626,363,9,'2.8',21,'1'),(627,365,9,'4.0',21,'1'),(628,366,9,'3.7',21,'1'),(629,367,9,'4.0',21,'1'),(630,368,9,'5.0',21,'1'),(631,369,9,'2.5',21,'1'),(632,372,9,'3.0',21,'1'),(633,376,9,'2.5',21,'1'),(634,377,9,'4.2',21,'1'),(635,378,9,'2.4',21,'1'),(636,379,9,'3.1',21,'1'),(637,380,9,'5.0',21,'1'),(638,382,9,'3.7',21,'1'),(639,383,9,'4.3',21,'1'),(640,384,9,'5.0',21,'1'),(641,386,9,'4.7',21,'1'),(642,387,9,'5.0',21,'1'),(2432,388,9,'2.5',21,'1'),(644,338,9,'5.0',22,'1'),(645,339,9,'5.0',22,'1'),(646,340,9,'5.0',22,'1'),(647,341,9,'5.0',22,'1'),(648,342,9,'5.0',22,'1'),(649,344,9,'5.0',22,'1'),(650,345,9,'5.0',22,'1'),(651,346,9,'5.0',22,'1'),(652,347,9,'5.0',22,'1'),(653,348,9,'5.0',22,'1'),(654,349,9,'5.0',22,'1'),(655,350,9,'5.0',22,'1'),(656,351,9,'5.0',22,'1'),(657,352,9,'5.0',22,'1'),(658,353,9,'4.0',22,'1'),(659,354,9,'5.0',22,'1'),(660,356,9,'5.0',22,'1'),(661,357,9,'5.0',22,'1'),(662,359,9,'5.0',22,'1'),(663,358,9,'5.0',22,'1'),(664,361,9,'5.0',22,'1'),(665,360,9,'5.0',22,'1'),(666,362,9,'5.0',22,'1'),(667,363,9,'5.0',22,'1'),(668,364,9,'5.0',22,'1'),(669,365,9,'5.0',22,'1'),(670,367,9,'5.0',22,'1'),(671,366,9,'5.0',22,'1'),(672,368,9,'5.0',22,'1'),(673,369,9,'5.0',22,'1'),(674,371,9,'5.0',22,'1'),(675,372,9,'5.0',22,'1'),(676,373,9,'5.0',22,'1'),(677,374,9,'5.0',22,'1'),(678,376,9,'5.0',22,'1'),(679,377,9,'5.0',22,'1'),(680,378,9,'5.0',22,'1'),(681,379,9,'4.0',22,'1'),(682,380,9,'5.0',22,'1'),(683,382,9,'5.0',22,'1'),(684,383,9,'5.0',22,'1'),(685,384,9,'5.0',22,'1'),(686,386,9,'5.0',22,'1'),(687,387,9,'5.0',22,'1'),(688,388,9,'5.0',22,'1'),(1012,389,10,'5.0',23,'1'),(1015,390,10,'5.0',23,'1'),(1014,392,10,'5.0',23,'1'),(1026,394,10,'4.0',23,'1'),(693,396,10,'4.6',23,'1'),(694,397,10,'3.7',23,'1'),(695,398,10,'4.6',23,'1'),(696,400,10,'4.8',23,'1'),(697,403,10,'4.7',23,'1'),(698,404,10,'5.0',23,'1'),(699,405,10,'5.0',23,'1'),(1019,406,10,'5.0',23,'1'),(701,408,10,'4.7',23,'1'),(702,409,10,'4.7',23,'1'),(703,410,10,'4.4',23,'1'),(1024,411,10,'5.0',23,'1'),(1017,412,10,'5.0',23,'1'),(706,413,10,'5.0',23,'1'),(707,417,10,'4.6',23,'1'),(708,419,10,'4.4',23,'1'),(709,422,10,'4.8',23,'1'),(710,421,10,'4.8',23,'1'),(711,423,10,'4.6',23,'1'),(712,389,10,'5.0',24,'1'),(713,392,10,'5.0',24,'1'),(714,394,10,'5.0',24,'1'),(715,396,10,'5.0',24,'1'),(716,397,10,'3.8',24,'1'),(717,398,10,'5.0',24,'1'),(718,399,10,'2.5',24,'1'),(719,400,10,'2.5',24,'1'),(720,402,10,'5.0',24,'1'),(721,403,10,'5.0',24,'1'),(722,406,10,'5.0',24,'1'),(1021,408,10,'5.0',24,'1'),(724,409,10,'3.8',24,'1'),(1013,410,10,'5.0',24,'1'),(726,412,10,'5.0',24,'1'),(727,413,10,'5.0',24,'1'),(1027,415,10,'4.0',24,'1'),(1028,420,10,'4.0',24,'1'),(730,421,10,'5.0',24,'1'),(731,422,10,'2.9',24,'1'),(732,423,10,'5.0',24,'1'),(733,424,10,'3.8',24,'1'),(734,390,10,'5.0',25,'1'),(735,389,10,'5.0',25,'1'),(736,392,10,'5.0',25,'1'),(737,396,10,'5.0',25,'1'),(738,398,10,'5.0',25,'1'),(739,403,10,'5.0',25,'1'),(740,405,10,'4.0',25,'1'),(741,406,10,'5.0',25,'1'),(742,408,10,'5.0',25,'1'),(743,409,10,'5.0',25,'1'),(744,412,10,'5.0',25,'1'),(745,413,10,'5.0',25,'1'),(746,415,10,'5.0',25,'1'),(747,417,10,'5.0',25,'1'),(748,420,10,'5.0',25,'1'),(749,421,10,'5.0',25,'1'),(750,422,10,'5.0',25,'1'),(751,423,10,'5.0',25,'1'),(754,143,4,'4.0',8,'1'),(756,143,4,'4.0',6,'1'),(757,161,4,'4.0',6,'1'),(758,134,4,'5.0',8,'1'),(760,167,4,'3.0',6,'1'),(762,151,4,'5.0',8,'1'),(769,129,4,'5.0',8,'1'),(771,142,4,'5.0',8,'1'),(787,144,4,'5.0',6,'1'),(780,158,4,'3.0',7,'1'),(783,163,4,'4.0',7,'1'),(784,145,4,'3.0',8,'1'),(785,166,4,'5.0',7,'1'),(786,147,4,'5.0',7,'1'),(788,160,4,'5.0',6,'1'),(789,145,4,'5.0',6,'1'),(790,242,6,'5.0',26,'1'),(791,215,6,'5.0',26,'1'),(792,216,6,'5.0',26,'1'),(793,220,6,'5.0',26,'1'),(794,232,6,'5.0',26,'1'),(795,233,6,'5.0',26,'1'),(796,243,6,'5.0',26,'1'),(797,247,6,'5.0',26,'1'),(798,259,6,'5.0',26,'1'),(799,261,6,'5.0',26,'1'),(800,265,6,'5.0',26,'1'),(801,90,3,'5.0',27,'1'),(802,94,3,'5.0',27,'1'),(803,97,3,'5.0',27,'1'),(804,104,3,'5.0',27,'1'),(805,115,3,'5.0',27,'1'),(806,118,3,'5.0',27,'1'),(807,121,3,'5.0',27,'1'),(808,125,3,'5.0',27,'1'),(809,127,3,'5.0',27,'1'),(810,425,1,'5.0',1,'1'),(811,425,1,'5.0',2,'1'),(812,174,5,'3.5',9,'1'),(1461,24,1,'3.0',28,'1'),(814,427,5,'3.5',9,'1'),(815,426,5,'5.0',9,'1'),(816,428,5,'3.5',9,'1'),(817,5,1,'2.0',28,'1'),(818,14,1,'3.3',28,'1'),(819,29,1,'5.0',28,'1'),(1458,10,1,'3.0',28,'1'),(821,12,1,'4.9',28,'1'),(822,3,1,'5.0',28,'1'),(823,429,9,'3.9',19,'1'),(824,429,9,'5.0',20,'1'),(825,429,9,'5.0',21,'1'),(826,429,9,'5.0',22,'1'),(827,19,1,'1.6',28,'1'),(828,20,1,'5.0',28,'1'),(829,42,1,'5.0',28,'1'),(830,39,1,'5.0',28,'1'),(831,21,1,'5.0',28,'1'),(832,17,1,'1.6',28,'1'),(833,40,1,'4.8',28,'1'),(834,16,1,'3.1',28,'1'),(835,13,1,'4.2',28,'1'),(836,32,1,'5.0',28,'1'),(837,23,1,'5.0',28,'1'),(838,11,1,'3.2',28,'1'),(839,7,1,'1.6',28,'1'),(840,2,1,'2.2',28,'1'),(841,9,1,'5.0',28,'1'),(842,4,1,'3.2',28,'1'),(843,36,1,'0.0',28,'1'),(844,15,1,'3.6',28,'1'),(845,30,1,'2.6',28,'1'),(846,27,1,'3.2',28,'1'),(847,8,1,'5.0',28,'1'),(848,41,1,'5.0',28,'1'),(849,34,1,'4.8',28,'1'),(850,28,1,'4.8',28,'1'),(851,22,1,'5.0',28,'1'),(852,31,1,'5.0',28,'1'),(853,1,1,'4.8',28,'1'),(854,38,1,'4.2',28,'1'),(855,26,1,'2.0',28,'1'),(856,430,9,'5.0',19,'1'),(857,430,9,'5.0',21,'1'),(858,111,3,'5.0',27,'1'),(863,218,6,'5.0',26,'1'),(864,226,6,'5.0',26,'1'),(865,221,6,'5.0',26,'1'),(867,231,6,'4.0',26,'1'),(868,219,6,'4.0',26,'1'),(869,257,6,'4.0',26,'1'),(870,258,6,'4.0',26,'1'),(871,211,6,'5.0',26,'1'),(872,75,2,'4.0',4,'1'),(873,212,6,'4.0',26,'1'),(874,253,6,'5.0',26,'1'),(875,228,6,'5.0',26,'1'),(876,431,2,'4.0',4,'1'),(952,47,2,'4.8',4,'1'),(878,58,2,'3.5',4,'1'),(879,352,9,'5.0',20,'1'),(880,287,7,'5.0',29,'1'),(881,298,7,'5.0',29,'1'),(882,297,7,'5.0',29,'1'),(883,272,7,'4.5',29,'1'),(884,276,7,'4.5',29,'1'),(885,293,7,'4.5',29,'1'),(886,296,7,'4.5',29,'1'),(887,302,7,'4.5',29,'1'),(888,68,2,'3.5',4,'1'),(889,73,2,'3.5',4,'1'),(890,62,2,'4.3',4,'1'),(891,222,6,'5.0',26,'1'),(892,248,6,'5.0',26,'1'),(893,57,2,'4.0',4,'1'),(894,271,7,'5.0',29,'1'),(895,274,7,'5.0',29,'1'),(896,299,7,'5.0',29,'1'),(897,301,7,'5.0',29,'1'),(898,430,9,'4.3',22,'1'),(899,430,9,'5.0',20,'1'),(900,250,6,'5.0',26,'1'),(901,279,7,'5.0',16,'1'),(902,267,7,'5.0',29,'1'),(903,269,7,'5.0',29,'1'),(904,273,7,'5.0',29,'1'),(905,278,7,'5.0',29,'1'),(906,284,7,'3.0',29,'1'),(907,270,7,'3.0',29,'1'),(908,86,2,'4.0',4,'1'),(913,181,5,'5.0',30,'1'),(912,202,5,'5.0',30,'1'),(914,432,5,'5.0',30,'1'),(915,369,9,'5.0',20,'1'),(916,172,5,'4.5',30,'1'),(917,194,5,'4.5',30,'1'),(918,375,9,'5.0',22,'1'),(919,136,4,'5.0',7,'1'),(920,156,4,'5.0',7,'1'),(921,167,4,'5.0',7,'1'),(922,134,4,'5.0',7,'1'),(923,142,4,'5.0',7,'1'),(924,135,4,'5.0',7,'1'),(925,151,4,'5.0',7,'1'),(926,153,4,'5.0',7,'1'),(927,154,4,'5.0',7,'1'),(928,132,4,'5.0',7,'1'),(929,138,4,'5.0',7,'1'),(930,128,4,'5.0',7,'1'),(931,186,5,'5.0',30,'1'),(932,177,5,'5.0',30,'1'),(933,182,5,'5.0',30,'1'),(934,185,5,'4.5',30,'1'),(935,201,5,'4.5',30,'1'),(936,190,5,'4.5',30,'1'),(937,193,5,'4.5',30,'1'),(938,189,5,'4.5',30,'1'),(939,192,5,'4.5',30,'1'),(940,196,5,'4.5',30,'1'),(961,180,5,'5.0',30,'1'),(959,381,9,'4.5',22,'1'),(958,381,9,'4.0',21,'1'),(957,340,9,'5.0',20,'1'),(956,404,10,'5.0',25,'1'),(955,46,2,'5.0',4,'1'),(954,84,2,'5.0',5,'1'),(962,204,5,'5.0',30,'1'),(963,428,5,'4.0',10,'1'),(964,172,5,'4.5',10,'1'),(965,179,5,'3.0',11,'1'),(966,180,5,'4.5',11,'1'),(967,196,5,'4.5',11,'1'),(968,204,5,'4.5',11,'1'),(969,172,5,'4.0',11,'1'),(970,208,5,'4.0',11,'1'),(971,181,5,'5.0',11,'1'),(972,60,2,'5.0',4,'1'),(973,53,2,'5.0',32,'1'),(974,67,2,'5.0',32,'1'),(975,75,2,'5.0',32,'1'),(976,80,2,'4.0',32,'1'),(977,80,2,'3.5',4,'1'),(978,77,2,'4.5',4,'1'),(979,48,2,'4.0',32,'1'),(980,76,2,'4.0',32,'1'),(1467,391,10,'4.5',25,'1'),(982,391,10,'4.5',23,'1'),(983,142,4,'5.0',6,'1'),(984,192,5,'4.8',11,'1'),(985,356,9,'5.0',20,'1'),(986,275,7,'4.5',29,'1'),(987,280,7,'4.5',29,'1'),(988,282,7,'4.5',29,'1'),(989,289,7,'4.5',29,'1'),(990,177,5,'5.0',10,'1'),(991,181,5,'5.0',10,'1'),(992,196,5,'5.0',10,'1'),(993,180,5,'5.0',10,'1'),(994,204,5,'5.0',10,'1'),(995,182,5,'5.0',10,'1'),(996,193,5,'5.0',10,'1'),(997,186,5,'5.0',10,'1'),(998,264,6,'5.0',12,'1'),(999,183,5,'4.0',30,'1'),(1000,428,5,'4.0',30,'1'),(1001,229,6,'5.0',26,'1'),(1002,230,6,'5.0',26,'1'),(1003,251,6,'5.0',26,'1'),(1004,263,6,'5.0',26,'1'),(1005,264,6,'5.0',26,'1'),(1006,237,6,'5.0',26,'1'),(1007,262,6,'5.0',26,'1'),(1008,213,6,'4.6',26,'1'),(1009,407,10,'1.0',24,'1'),(1010,416,10,'1.0',24,'1'),(1011,402,10,'1.0',23,'1'),(1016,390,10,'5.0',24,'1'),(1018,405,10,'5.0',24,'1'),(1020,410,10,'5.0',25,'1'),(1022,400,10,'5.0',25,'1'),(1023,404,10,'5.0',24,'1'),(1025,393,10,'5.0',24,'1'),(1029,268,7,'4.5',29,'1'),(1030,281,7,'4.5',29,'1'),(1031,286,7,'4.5',29,'1'),(1032,295,7,'3.5',14,'1'),(1034,141,4,'5.0',7,'1'),(1035,20,1,'0.0',1,'1'),(1036,21,1,'0.0',1,'1'),(1037,32,1,'0.0',1,'1'),(1038,4,1,'0.0',2,'1'),(1039,8,1,'0.0',2,'1'),(1040,20,1,'0.0',2,'1'),(1041,21,1,'0.0',2,'1'),(1042,22,1,'0.0',2,'1'),(1043,32,1,'0.0',2,'1'),(1044,38,1,'0.0',2,'1'),(1045,40,1,'0.0',2,'1'),(1469,1,1,'0.0',3,'1'),(1047,2,1,'0.0',3,'1'),(1048,3,1,'0.0',3,'1'),(1049,4,1,'0.0',3,'1'),(1050,5,1,'0.0',3,'1'),(1051,9,1,'0.0',3,'1'),(1052,10,1,'0.0',3,'1'),(1053,11,1,'0.0',3,'1'),(1054,19,1,'0.0',3,'1'),(1055,20,1,'0.0',3,'1'),(1056,21,1,'0.0',3,'1'),(1057,24,1,'0.0',3,'1'),(1058,25,1,'0.0',3,'1'),(1059,29,1,'0.0',3,'1'),(1060,32,1,'0.0',3,'1'),(1061,33,1,'0.0',3,'1'),(1062,36,1,'0.0',3,'1'),(1063,38,1,'0.0',3,'1'),(1064,40,1,'0.0',3,'1'),(1065,42,1,'0.0',3,'1'),(1066,425,1,'0.0',3,'1'),(1067,6,1,'0.0',28,'1'),(1068,18,1,'0.0',28,'1'),(1069,25,1,'0.0',28,'1'),(1070,33,1,'0.0',28,'1'),(1071,35,1,'0.0',28,'1'),(1072,37,1,'0.0',28,'1'),(1073,425,1,'0.0',28,'1'),(1074,45,2,'0.0',4,'1'),(1075,49,2,'0.0',4,'1'),(1076,50,2,'0.0',4,'1'),(1077,52,2,'0.0',4,'1'),(1078,54,2,'0.0',4,'1'),(1079,56,2,'0.0',4,'1'),(1080,59,2,'0.0',4,'1'),(1081,61,2,'0.0',4,'1'),(1082,66,2,'0.0',4,'1'),(1083,71,2,'0.0',4,'1'),(1084,76,2,'0.0',4,'1'),(1085,78,2,'0.0',4,'1'),(1086,83,2,'0.0',4,'1'),(1087,84,2,'0.0',4,'1'),(1088,85,2,'0.0',4,'1'),(1089,87,2,'0.0',4,'1'),(1090,89,2,'0.0',4,'1'),(1091,88,2,'0.0',4,'1'),(1092,433,2,'0.0',4,'1'),(1093,50,2,'0.0',5,'1'),(1094,54,2,'0.0',5,'1'),(1095,55,2,'0.0',5,'1'),(1096,56,2,'0.0',5,'1'),(1097,59,2,'0.0',5,'1'),(1098,60,2,'0.0',5,'1'),(1099,61,2,'0.0',5,'1'),(1100,66,2,'0.0',5,'1'),(1101,75,2,'0.0',5,'1'),(1102,76,2,'0.0',5,'1'),(1103,77,2,'0.0',5,'1'),(1104,88,2,'0.0',5,'1'),(1105,431,2,'0.0',5,'1'),(1106,433,2,'0.0',5,'1'),(1107,43,2,'0.0',32,'1'),(1108,44,2,'0.0',32,'1'),(1109,45,2,'0.0',32,'1'),(1110,46,2,'0.0',32,'1'),(1111,47,2,'0.0',32,'1'),(1112,49,2,'0.0',32,'1'),(1113,50,2,'0.0',32,'1'),(1114,52,2,'0.0',32,'1'),(1115,51,2,'0.0',32,'1'),(1116,54,2,'0.0',32,'1'),(1117,55,2,'0.0',32,'1'),(1118,56,2,'0.0',32,'1'),(1119,57,2,'0.0',32,'1'),(1120,58,2,'0.0',32,'1'),(1121,59,2,'0.0',32,'1'),(1122,60,2,'0.0',32,'1'),(1123,61,2,'0.0',32,'1'),(1124,62,2,'0.0',32,'1'),(1125,63,2,'0.0',32,'1'),(1126,64,2,'0.0',32,'1'),(1127,65,2,'0.0',32,'1'),(1128,66,2,'0.0',32,'1'),(1129,68,2,'0.0',32,'1'),(1130,69,2,'0.0',32,'1'),(1131,70,2,'0.0',32,'1'),(1132,71,2,'0.0',32,'1'),(1482,72,2,'4.9',32,'1'),(1134,73,2,'0.0',32,'1'),(1135,74,2,'0.0',32,'1'),(1136,77,2,'0.0',32,'1'),(1137,78,2,'0.0',32,'1'),(1138,79,2,'0.0',32,'1'),(1139,82,2,'0.0',32,'1'),(1140,81,2,'0.0',32,'1'),(1141,84,2,'0.0',32,'1'),(1142,83,2,'0.0',32,'1'),(1143,85,2,'0.0',32,'1'),(1144,86,2,'0.0',32,'1'),(1145,88,2,'0.0',32,'1'),(1146,87,2,'0.0',32,'1'),(1147,89,2,'0.0',32,'1'),(1148,431,2,'0.0',32,'1'),(1149,433,2,'0.0',32,'1'),(1479,109,3,'5.0',27,'1'),(1151,92,3,'0.0',27,'1'),(1152,93,3,'0.0',27,'1'),(1471,110,3,'4.4',27,'1'),(1478,106,3,'5.0',27,'1'),(1155,99,3,'0.0',27,'1'),(1156,98,3,'0.0',27,'1'),(1157,100,3,'0.0',27,'1'),(1158,102,3,'0.0',27,'1'),(1477,101,3,'5.0',27,'1'),(1160,103,3,'0.0',27,'1'),(1161,105,3,'0.0',27,'1'),(1476,96,3,'5.0',27,'1'),(1163,107,3,'0.0',27,'1'),(1164,108,3,'0.0',27,'1'),(1475,91,3,'5.0',27,'1'),(1470,95,3,'4.4',27,'1'),(1167,112,3,'0.0',27,'1'),(1168,113,3,'0.0',27,'1'),(1169,114,3,'0.0',27,'1'),(1170,116,3,'0.0',27,'1'),(1171,117,3,'0.0',27,'1'),(1472,120,3,'4.6',27,'1'),(1474,122,3,'4.3',27,'1'),(1473,119,3,'4.4',27,'1'),(1175,123,3,'0.0',27,'1'),(1176,124,3,'0.0',27,'1'),(1177,126,3,'0.0',27,'1'),(1178,130,4,'0.0',6,'1'),(1179,134,4,'0.0',6,'1'),(1180,147,4,'0.0',6,'1'),(1181,149,4,'0.0',6,'1'),(1182,151,4,'0.0',6,'1'),(1183,152,4,'0.0',6,'1'),(1184,155,4,'0.0',6,'1'),(1185,157,4,'0.0',6,'1'),(2429,163,4,'4.5',6,'1'),(1187,165,4,'0.0',6,'1'),(1188,166,4,'0.0',6,'1'),(1189,168,4,'0.0',6,'1'),(1190,129,4,'0.0',7,'1'),(1191,130,4,'0.0',7,'1'),(1192,131,4,'0.0',7,'1'),(1193,133,4,'0.0',7,'1'),(1194,137,4,'0.0',7,'1'),(1195,139,4,'0.0',7,'1'),(1196,145,4,'0.0',7,'1'),(1197,146,4,'0.0',7,'1'),(2428,149,4,'3.0',7,'1'),(1199,150,4,'0.0',7,'1'),(1200,152,4,'0.0',7,'1'),(1201,157,4,'0.0',7,'1'),(1202,161,4,'0.0',7,'1'),(1203,162,4,'0.0',7,'1'),(1204,168,4,'0.0',7,'1'),(1205,136,4,'0.0',8,'1'),(1206,152,4,'0.0',8,'1'),(1207,157,4,'0.0',8,'1'),(1208,171,5,'0.0',9,'1'),(1209,173,5,'0.0',9,'1'),(1210,179,5,'0.0',9,'1'),(1211,178,5,'0.0',9,'1'),(1212,184,5,'0.0',9,'1'),(1213,185,5,'0.0',9,'1'),(1214,187,5,'0.0',9,'1'),(1215,188,5,'0.0',9,'1'),(1216,190,5,'0.0',9,'1'),(1481,193,5,'5.0',9,'1'),(1218,195,5,'0.0',9,'1'),(1219,197,5,'0.0',9,'1'),(1220,200,5,'0.0',9,'1'),(1221,203,5,'0.0',9,'1'),(1222,432,5,'0.0',9,'1'),(1223,170,5,'0.0',10,'1'),(1224,171,5,'0.0',10,'1'),(1225,173,5,'0.0',10,'1'),(1226,174,5,'0.0',10,'1'),(1227,179,5,'0.0',10,'1'),(1228,178,5,'0.0',10,'1'),(1229,184,5,'0.0',10,'1'),(1230,187,5,'0.0',10,'1'),(1231,188,5,'0.0',10,'1'),(1232,190,5,'0.0',10,'1'),(1233,195,5,'0.0',10,'1'),(1234,197,5,'0.0',10,'1'),(1235,198,5,'0.0',10,'1'),(1236,200,5,'0.0',10,'1'),(1237,201,5,'0.0',10,'1'),(1238,203,5,'0.0',10,'1'),(1239,205,5,'0.0',10,'1'),(1240,426,5,'0.0',10,'1'),(1241,427,5,'0.0',10,'1'),(1242,432,5,'0.0',10,'1'),(1243,171,5,'0.0',11,'1'),(1244,170,5,'0.0',11,'1'),(1245,173,5,'0.0',11,'1'),(1246,174,5,'0.0',11,'1'),(1247,176,5,'0.0',11,'1'),(1248,177,5,'0.0',11,'1'),(1249,178,5,'0.0',11,'1'),(1250,182,5,'0.0',11,'1'),(1251,183,5,'0.0',11,'1'),(1252,184,5,'0.0',11,'1'),(1253,185,5,'0.0',11,'1'),(1480,186,5,'5.0',11,'1'),(1255,188,5,'0.0',11,'1'),(1256,190,5,'0.0',11,'1'),(1257,193,5,'0.0',11,'1'),(1258,194,5,'0.0',11,'1'),(1259,195,5,'0.0',11,'1'),(1260,199,5,'0.0',11,'1'),(1261,200,5,'0.0',11,'1'),(1262,201,5,'0.0',11,'1'),(1263,202,5,'0.0',11,'1'),(1264,206,5,'0.0',11,'1'),(1265,207,5,'0.0',11,'1'),(1266,426,5,'0.0',11,'1'),(1267,427,5,'0.0',11,'1'),(1268,428,5,'0.0',11,'1'),(1269,432,5,'0.0',11,'1'),(1270,170,5,'0.0',30,'1'),(1271,171,5,'0.0',30,'1'),(1272,173,5,'0.0',30,'1'),(1273,174,5,'0.0',30,'1'),(1274,175,5,'0.0',30,'1'),(1275,176,5,'0.0',30,'1'),(1276,178,5,'0.0',30,'1'),(1277,179,5,'0.0',30,'1'),(1278,184,5,'0.0',30,'1'),(1279,187,5,'0.0',30,'1'),(1280,188,5,'0.0',30,'1'),(1281,191,5,'0.0',30,'1'),(1282,195,5,'0.0',30,'1'),(1283,197,5,'0.0',30,'1'),(1284,198,5,'0.0',30,'1'),(1285,199,5,'0.0',30,'1'),(1286,200,5,'0.0',30,'1'),(1287,203,5,'0.0',30,'1'),(1288,205,5,'0.0',30,'1'),(1289,206,5,'0.0',30,'1'),(1290,207,5,'0.0',30,'1'),(1291,208,5,'0.0',30,'1'),(1292,426,5,'0.0',30,'1'),(1293,427,5,'0.0',30,'1'),(1294,214,6,'0.0',12,'1'),(1295,223,6,'0.0',12,'1'),(1296,224,6,'0.0',12,'1'),(1297,227,6,'0.0',12,'1'),(1298,235,6,'0.0',12,'1'),(1299,236,6,'0.0',12,'1'),(1300,239,6,'0.0',12,'1'),(1301,244,6,'0.0',12,'1'),(1302,245,6,'0.0',12,'1'),(1303,249,6,'0.0',12,'1'),(1304,252,6,'0.0',12,'1'),(1305,255,6,'0.0',12,'1'),(1306,258,6,'0.0',12,'1'),(1307,260,6,'0.0',12,'1'),(1308,262,6,'0.0',12,'1'),(1309,263,6,'0.0',12,'1'),(1310,214,6,'0.0',13,'1'),(1311,223,6,'0.0',13,'1'),(1312,224,6,'0.0',13,'1'),(1313,227,6,'0.0',13,'1'),(1314,235,6,'0.0',13,'1'),(1315,236,6,'0.0',13,'1'),(1316,239,6,'0.0',13,'1'),(1317,244,6,'0.0',13,'1'),(1318,245,6,'0.0',13,'1'),(1319,249,6,'0.0',13,'1'),(1320,252,6,'0.0',13,'1'),(1321,254,6,'0.0',13,'1'),(1322,255,6,'0.0',13,'1'),(1323,260,6,'0.0',13,'1'),(1324,262,6,'0.0',13,'1'),(1325,263,6,'0.0',13,'1'),(1326,264,6,'0.0',13,'1'),(1464,209,6,'4.0',26,'1'),(1328,210,6,'0.0',26,'1'),(1329,214,6,'0.0',26,'1'),(1330,217,6,'0.0',26,'1'),(1331,223,6,'0.0',26,'1'),(1332,225,6,'0.0',26,'1'),(1333,224,6,'0.0',26,'1'),(1334,227,6,'0.0',26,'1'),(2424,234,6,'4.0',26,'1'),(1336,235,6,'0.0',26,'1'),(1337,236,6,'0.0',26,'1'),(1338,238,6,'0.0',26,'1'),(1339,239,6,'0.0',26,'1'),(2426,240,6,'1.5',26,'1'),(1341,241,6,'0.0',26,'1'),(1342,244,6,'0.0',26,'1'),(1343,245,6,'0.0',26,'1'),(1465,246,6,'4.5',26,'1'),(1345,249,6,'0.0',26,'1'),(1346,252,6,'0.0',26,'1'),(1347,254,6,'0.0',26,'1'),(1348,255,6,'0.0',26,'1'),(1349,256,6,'0.0',26,'1'),(1350,260,6,'0.0',26,'1'),(2425,266,6,'5.0',26,'1'),(1352,271,7,'0.0',14,'1'),(1353,278,7,'0.0',14,'1'),(1354,283,7,'0.0',14,'1'),(1355,285,7,'0.0',14,'1'),(1356,292,7,'0.0',14,'1'),(1357,297,7,'0.0',14,'1'),(1358,298,7,'0.0',14,'1'),(1359,281,7,'0.0',15,'1'),(1360,283,7,'0.0',15,'1'),(1361,285,7,'0.0',15,'1'),(1362,288,7,'0.0',15,'1'),(1363,290,7,'0.0',15,'1'),(1364,292,7,'0.0',15,'1'),(1365,295,7,'0.0',15,'1'),(1462,268,7,'5.0',16,'1'),(1367,270,7,'0.0',16,'1'),(1368,271,7,'0.0',16,'1'),(1369,280,7,'0.0',16,'1'),(1370,287,7,'0.0',16,'1'),(1371,288,7,'0.0',16,'1'),(1372,290,7,'0.0',16,'1'),(1373,292,7,'0.0',16,'1'),(1374,297,7,'0.0',16,'1'),(1375,277,7,'0.0',29,'1'),(1376,279,7,'0.0',29,'1'),(1377,283,7,'0.0',29,'1'),(1378,285,7,'0.0',29,'1'),(1379,288,7,'0.0',29,'1'),(1380,290,7,'0.0',29,'1'),(1381,291,7,'0.0',29,'1'),(1382,292,7,'0.0',29,'1'),(1383,294,7,'0.0',29,'1'),(1384,295,7,'0.0',29,'1'),(1385,300,7,'0.0',29,'1'),(1386,340,9,'0.0',19,'1'),(1387,343,9,'0.0',19,'1'),(2431,345,9,'2.5',19,'1'),(1389,353,9,'0.0',19,'1'),(1390,355,9,'0.0',19,'1'),(1391,359,9,'0.0',19,'1'),(1392,364,9,'0.0',19,'1'),(1393,369,9,'0.0',19,'1'),(1394,371,9,'0.0',19,'1'),(1395,374,9,'0.0',19,'1'),(1396,375,9,'0.0',19,'1'),(2430,379,9,'2.5',19,'1'),(1398,380,9,'0.0',19,'1'),(1457,388,9,'3.4',19,'1'),(1400,343,9,'0.0',20,'1'),(1401,344,9,'0.0',20,'1'),(1402,345,9,'0.0',20,'1'),(1403,353,9,'0.0',20,'1'),(1404,355,9,'0.0',20,'1'),(1405,358,9,'0.0',20,'1'),(1406,364,9,'0.0',20,'1'),(1407,365,9,'0.0',20,'1'),(1408,370,9,'0.0',20,'1'),(1409,371,9,'0.0',20,'1'),(1410,374,9,'0.0',20,'1'),(1411,379,9,'0.0',20,'1'),(1412,385,9,'0.0',20,'1'),(1413,339,9,'0.0',21,'1'),(1414,340,9,'0.0',21,'1'),(1415,345,9,'0.0',21,'1'),(1416,364,9,'0.0',21,'1'),(1417,370,9,'0.0',21,'1'),(1418,371,9,'0.0',21,'1'),(1419,373,9,'0.0',21,'1'),(1420,374,9,'0.0',21,'1'),(1421,375,9,'0.0',21,'1'),(1422,385,9,'0.0',21,'1'),(1423,343,9,'0.0',22,'1'),(1424,355,9,'0.0',22,'1'),(1425,370,9,'0.0',22,'1'),(1426,385,9,'0.0',22,'1'),(1427,393,10,'0.0',23,'1'),(1428,395,10,'0.0',23,'1'),(1429,399,10,'0.0',23,'1'),(1430,407,10,'0.0',23,'1'),(1431,414,10,'0.0',23,'1'),(1432,415,10,'0.0',23,'1'),(1433,416,10,'0.0',23,'1'),(1434,418,10,'0.0',23,'1'),(1435,420,10,'0.0',23,'1'),(1436,424,10,'0.0',23,'1'),(1437,391,10,'0.0',24,'1'),(1438,395,10,'0.0',24,'1'),(1439,411,10,'0.0',24,'1'),(1440,414,10,'0.0',24,'1'),(1441,417,10,'0.0',24,'1'),(1442,418,10,'0.0',24,'1'),(1443,419,10,'0.0',24,'1'),(1444,393,10,'0.0',25,'1'),(1445,394,10,'0.0',25,'1'),(1446,395,10,'0.0',25,'1'),(1447,397,10,'0.0',25,'1'),(1448,399,10,'0.0',25,'1'),(1449,402,10,'0.0',25,'1'),(1450,407,10,'0.0',25,'1'),(1451,411,10,'0.0',25,'1'),(1452,414,10,'0.0',25,'1'),(1453,416,10,'0.0',25,'1'),(1454,418,10,'0.0',25,'1'),(1455,419,10,'0.0',25,'1'),(1456,424,10,'0.0',25,'1'),(1570,425,1,'0.0',43,'3'),(2120,42,1,'3.0',43,'3'),(1568,41,1,'5.0',43,'3'),(1567,40,1,'4.0',43,'3'),(1566,39,1,'3.0',43,'3'),(1565,38,1,'5.0',43,'3'),(1564,37,1,'5.0',43,'3'),(1563,36,1,'5.0',43,'3'),(1562,35,1,'3.0',43,'3'),(1561,34,1,'5.0',43,'3'),(1560,33,1,'5.0',43,'3'),(2119,32,1,'3.0',43,'3'),(1558,31,1,'5.0',43,'3'),(1557,30,1,'3.0',43,'3'),(1556,29,1,'5.0',43,'3'),(1555,28,1,'5.0',43,'3'),(1554,27,1,'5.0',43,'3'),(1553,26,1,'3.0',43,'3'),(1552,25,1,'4.0',43,'3'),(1551,24,1,'5.0',43,'3'),(1550,23,1,'5.0',43,'3'),(1549,22,1,'5.0',43,'3'),(1548,21,1,'0.0',43,'3'),(1547,20,1,'5.0',43,'3'),(1546,19,1,'3.0',43,'3'),(1545,17,1,'5.0',43,'3'),(1544,18,1,'0.0',43,'3'),(1543,16,1,'5.0',43,'3'),(1542,15,1,'4.0',43,'3'),(1541,14,1,'0.0',43,'3'),(1540,13,1,'4.0',43,'3'),(1539,12,1,'5.0',43,'3'),(1538,11,1,'4.0',43,'3'),(1537,10,1,'2.0',43,'3'),(1536,9,1,'5.0',43,'3'),(1535,8,1,'4.0',43,'3'),(1534,7,1,'1.0',43,'3'),(1533,6,1,'5.0',43,'3'),(1532,5,1,'4.0',43,'3'),(1531,4,1,'0.0',43,'3'),(1530,3,1,'4.0',43,'3'),(1529,2,1,'2.0',43,'3'),(1528,1,1,'4.0',43,'3'),(1571,44,2,'5.0',44,'3'),(1572,43,2,'3.0',44,'3'),(1573,45,2,'0.0',44,'3'),(1574,46,2,'0.0',44,'3'),(1575,47,2,'5.0',44,'3'),(1576,48,2,'5.0',44,'3'),(1577,50,2,'0.0',44,'3'),(1578,49,2,'0.0',44,'3'),(1579,51,2,'5.0',44,'3'),(1580,52,2,'4.0',44,'3'),(1581,53,2,'5.0',44,'3'),(1582,54,2,'0.0',44,'3'),(1583,57,2,'5.0',44,'3'),(1584,58,2,'5.0',44,'3'),(1585,59,2,'0.0',44,'3'),(1586,60,2,'5.0',44,'3'),(1587,61,2,'0.0',44,'3'),(1588,62,2,'4.0',44,'3'),(1589,63,2,'4.0',44,'3'),(1590,64,2,'4.0',44,'3'),(1591,65,2,'5.0',44,'3'),(1592,67,2,'4.0',44,'3'),(1593,68,2,'3.0',44,'3'),(1594,69,2,'5.0',44,'3'),(1595,70,2,'5.0',44,'3'),(1596,71,2,'0.0',44,'3'),(1597,72,2,'5.0',44,'3'),(1598,73,2,'4.0',44,'3'),(1599,74,2,'5.0',44,'3'),(1600,75,2,'0.0',44,'3'),(1601,76,2,'5.0',44,'3'),(1602,77,2,'0.0',44,'3'),(1603,78,2,'2.0',44,'3'),(1604,79,2,'5.0',44,'3'),(1605,80,2,'0.0',44,'3'),(1606,81,2,'5.0',44,'3'),(1607,82,2,'3.0',44,'3'),(1608,83,2,'5.0',44,'3'),(1609,84,2,'5.0',44,'3'),(1610,85,2,'0.0',44,'3'),(1611,86,2,'0.0',44,'3'),(1612,87,2,'5.0',44,'3'),(1613,88,2,'5.0',44,'3'),(1614,89,2,'4.0',44,'3'),(1619,433,2,'5.0',44,'3'),(1620,55,3,'3.0',45,'3'),(1621,90,3,'3.0',45,'3'),(1622,93,3,'4.0',45,'3'),(1623,94,3,'4.0',45,'3'),(1624,95,3,'5.0',45,'3'),(1625,97,3,'3.0',45,'3'),(1626,100,3,'3.0',45,'3'),(1627,101,3,'3.0',45,'3'),(1628,103,3,'3.0',45,'3'),(1629,106,3,'3.0',45,'3'),(1630,109,3,'2.0',45,'3'),(1631,110,3,'3.0',45,'3'),(1632,112,3,'2.0',45,'3'),(1633,118,3,'4.0',45,'3'),(1634,119,3,'4.0',45,'3'),(1635,120,3,'2.0',45,'3'),(1636,121,3,'2.0',45,'3'),(1637,122,3,'3.0',45,'3'),(1638,123,3,'3.0',45,'3'),(1639,126,3,'1.0',45,'3'),(1640,127,3,'2.0',45,'3'),(1641,91,3,'0.0',45,'3'),(1642,92,3,'0.0',45,'3'),(1643,96,3,'0.0',45,'3'),(1644,98,3,'0.0',45,'3'),(1645,99,3,'0.0',45,'3'),(1646,102,3,'0.0',45,'3'),(1647,104,3,'0.0',45,'3'),(1648,105,3,'0.0',45,'3'),(1649,107,3,'0.0',45,'3'),(1650,108,3,'0.0',45,'3'),(1651,111,3,'0.0',45,'3'),(1652,113,3,'0.0',45,'3'),(1653,114,3,'0.0',45,'3'),(1654,115,3,'0.0',45,'3'),(1655,116,3,'0.0',45,'3'),(1656,117,3,'0.0',45,'3'),(1657,124,3,'0.0',45,'3'),(1658,125,3,'0.0',45,'3'),(1659,431,3,'0.0',45,'3'),(1660,437,3,'4.0',45,'3'),(1661,438,3,'1.0',45,'3'),(1662,439,3,'3.0',45,'3'),(1663,172,5,'4.0',46,'3'),(1664,174,5,'3.0',46,'3'),(1665,175,5,'5.0',46,'3'),(1666,176,5,'4.0',46,'3'),(1667,177,5,'4.0',46,'3'),(1668,178,5,'5.0',46,'3'),(1669,179,5,'5.0',46,'3'),(1670,180,5,'4.0',46,'3'),(1671,181,5,'5.0',46,'3'),(1672,182,5,'5.0',46,'3'),(1673,183,5,'5.0',46,'3'),(1674,185,5,'5.0',46,'3'),(1675,186,5,'5.0',46,'3'),(1676,187,5,'5.0',46,'3'),(1677,188,5,'5.0',46,'3'),(1678,189,5,'5.0',46,'3'),(1679,190,5,'3.0',46,'3'),(1680,191,5,'5.0',46,'3'),(1681,192,5,'4.0',46,'3'),(1682,193,5,'5.0',46,'3'),(1683,194,5,'5.0',46,'3'),(1684,195,5,'4.0',46,'3'),(1685,196,5,'5.0',46,'3'),(1686,197,5,'4.0',46,'3'),(1687,198,5,'4.0',46,'3'),(1688,199,5,'5.0',46,'3'),(1689,201,5,'4.0',46,'3'),(1690,202,5,'5.0',46,'3'),(1691,205,5,'5.0',46,'3'),(1692,207,5,'4.0',46,'3'),(1693,208,5,'4.0',46,'3'),(1694,428,5,'5.0',46,'3'),(1695,440,5,'3.0',46,'3'),(1696,441,5,'5.0',46,'3'),(1697,442,5,'5.0',46,'3'),(1698,170,5,'0.0',46,'3'),(1699,171,5,'0.0',46,'3'),(1700,173,5,'0.0',46,'3'),(1701,184,5,'0.0',46,'3'),(1702,200,5,'0.0',46,'3'),(1703,203,5,'0.0',46,'3'),(1704,204,5,'0.0',46,'3'),(1705,206,5,'0.0',46,'3'),(1706,426,5,'0.0',46,'3'),(1707,427,5,'0.0',46,'3'),(1708,432,5,'0.0',46,'3'),(1709,170,5,'3.0',47,'3'),(1710,172,5,'2.0',47,'3'),(1711,174,5,'0.0',47,'3'),(1712,177,5,'2.0',47,'3'),(1713,176,5,'2.0',47,'3'),(1714,179,5,'3.0',47,'3'),(1715,180,5,'3.0',47,'3'),(1716,181,5,'4.0',47,'3'),(1717,182,5,'1.0',47,'3'),(1718,183,5,'2.0',47,'3'),(1719,185,5,'2.0',47,'3'),(1720,186,5,'3.0',47,'3'),(1721,187,5,'2.0',47,'3'),(1722,188,5,'3.0',47,'3'),(1723,189,5,'3.0',47,'3'),(1724,190,5,'2.0',47,'3'),(1725,191,5,'3.0',47,'3'),(1726,193,5,'2.0',47,'3'),(1727,194,5,'3.0',47,'3'),(1728,196,5,'3.0',47,'3'),(1729,198,5,'1.0',47,'3'),(1730,199,5,'3.0',47,'3'),(1731,202,5,'1.0',47,'3'),(1732,201,5,'1.0',47,'3'),(1733,203,5,'2.0',47,'3'),(1734,205,5,'1.0',47,'3'),(1735,206,5,'1.0',47,'3'),(1736,208,5,'2.0',47,'3'),(1737,428,5,'2.0',47,'3'),(1738,440,5,'3.0',47,'3'),(1739,441,5,'1.0',47,'3'),(1740,171,5,'0.0',47,'3'),(1741,173,5,'0.0',47,'3'),(1742,175,5,'0.0',47,'3'),(1743,178,5,'0.0',47,'3'),(1744,184,5,'0.0',47,'3'),(1745,192,5,'0.0',47,'3'),(1746,195,5,'0.0',47,'3'),(1747,197,5,'0.0',47,'3'),(1748,200,5,'0.0',47,'3'),(1749,204,5,'0.0',47,'3'),(1750,207,5,'0.0',47,'3'),(1751,426,5,'0.0',47,'3'),(1752,427,5,'0.0',47,'3'),(1753,432,5,'0.0',47,'3'),(2238,442,5,'1.5',47,'3'),(1755,209,6,'5.0',48,'3'),(1756,210,6,'3.0',48,'3'),(1757,211,6,'0.0',48,'3'),(1758,212,6,'4.0',48,'3'),(1759,213,6,'4.0',48,'3'),(1760,214,6,'0.0',48,'3'),(2242,215,6,'4.0',48,'3'),(1762,216,6,'5.0',48,'3'),(1763,217,6,'5.0',48,'3'),(1764,218,6,'4.0',48,'3'),(1765,219,6,'5.0',48,'3'),(1766,220,6,'5.0',48,'3'),(1767,221,6,'5.0',48,'3'),(1768,222,6,'5.0',48,'3'),(1769,223,6,'5.0',48,'3'),(1770,224,6,'4.0',48,'3'),(1771,225,6,'4.0',48,'3'),(1772,226,6,'5.0',48,'3'),(1773,227,6,'0.0',48,'3'),(1774,228,6,'5.0',48,'3'),(1775,229,6,'5.0',48,'3'),(1776,230,6,'5.0',48,'3'),(1777,231,6,'4.0',48,'3'),(1778,232,6,'2.0',48,'3'),(1779,233,6,'5.0',48,'3'),(1780,234,6,'5.0',48,'3'),(1781,235,6,'0.0',48,'3'),(1782,236,6,'0.0',48,'3'),(1783,237,6,'5.0',48,'3'),(1784,238,6,'5.0',48,'3'),(1785,239,6,'0.0',48,'3'),(2191,240,6,'3.0',48,'3'),(1787,241,6,'5.0',48,'3'),(2190,242,6,'3.0',48,'3'),(1789,243,6,'4.0',48,'3'),(1790,244,6,'5.0',48,'3'),(1791,245,6,'5.0',48,'3'),(1792,246,6,'5.0',48,'3'),(1793,247,6,'0.0',48,'3'),(1794,248,6,'5.0',48,'3'),(1795,249,6,'0.0',48,'3'),(1796,250,6,'5.0',48,'3'),(1797,251,6,'4.0',48,'3'),(1798,252,6,'5.0',48,'3'),(1799,253,6,'4.0',48,'3'),(1800,254,6,'4.0',48,'3'),(1801,255,6,'5.0',48,'3'),(1802,256,6,'5.0',48,'3'),(1803,257,6,'0.0',48,'3'),(1804,258,6,'5.0',48,'3'),(1805,259,6,'5.0',48,'3'),(1806,260,6,'0.0',48,'3'),(1807,261,6,'5.0',48,'3'),(1808,262,6,'4.0',48,'3'),(1809,263,6,'4.0',48,'3'),(1810,264,6,'5.0',48,'3'),(1811,265,6,'0.0',48,'3'),(1812,266,6,'4.0',48,'3'),(1813,443,6,'0.0',48,'3'),(1814,267,7,'5.0',49,'3'),(1815,268,7,'5.0',49,'3'),(1816,269,7,'5.0',49,'3'),(1817,270,7,'5.0',49,'3'),(1818,271,7,'5.0',49,'3'),(1819,272,7,'5.0',49,'3'),(1820,273,7,'4.0',49,'3'),(1821,274,7,'5.0',49,'3'),(1822,275,7,'5.0',49,'3'),(1823,276,7,'5.0',49,'3'),(1824,277,7,'4.0',49,'3'),(1825,278,7,'4.0',49,'3'),(1826,279,7,'5.0',49,'3'),(1827,280,7,'5.0',49,'3'),(1828,281,7,'5.0',49,'3'),(1829,282,7,'5.0',49,'3'),(1830,283,7,'0.0',49,'3'),(1831,284,7,'5.0',49,'3'),(1832,285,7,'5.0',49,'3'),(1833,286,7,'5.0',49,'3'),(1834,287,7,'4.0',49,'3'),(1835,288,7,'5.0',49,'3'),(1836,289,7,'5.0',49,'3'),(1837,290,7,'5.0',49,'3'),(1838,291,7,'5.0',49,'3'),(1839,292,7,'5.0',49,'3'),(1840,293,7,'5.0',49,'3'),(1841,294,7,'5.0',49,'3'),(1842,295,7,'2.0',49,'3'),(1843,296,7,'5.0',49,'3'),(1844,297,7,'5.0',49,'3'),(1845,298,7,'0.0',49,'3'),(1846,299,7,'5.0',49,'3'),(1847,300,7,'5.0',49,'3'),(1848,301,7,'5.0',49,'3'),(1849,302,7,'5.0',49,'3'),(1850,267,7,'4.0',50,'3'),(1851,268,7,'4.0',50,'3'),(1852,269,7,'4.0',50,'3'),(1853,270,7,'5.0',50,'3'),(1854,271,7,'3.0',50,'3'),(1855,272,7,'3.0',50,'3'),(1856,273,7,'4.0',50,'3'),(1857,274,7,'4.0',50,'3'),(1858,275,7,'5.0',50,'3'),(1859,276,7,'4.0',50,'3'),(1860,277,7,'0.0',50,'3'),(1861,278,7,'5.0',50,'3'),(1862,279,7,'4.0',50,'3'),(1863,280,7,'3.0',50,'3'),(1864,281,7,'3.0',50,'3'),(1865,282,7,'5.0',50,'3'),(1866,283,7,'0.0',50,'3'),(1867,284,7,'5.0',50,'3'),(1868,286,7,'5.0',50,'3'),(1869,285,7,'5.0',50,'3'),(1870,287,7,'4.0',50,'3'),(1871,288,7,'4.0',50,'3'),(1872,289,7,'3.0',50,'3'),(1873,290,7,'5.0',50,'3'),(1874,291,7,'3.0',50,'3'),(1875,292,7,'3.0',50,'3'),(1876,293,7,'4.0',50,'3'),(1877,294,7,'5.0',50,'3'),(1878,295,7,'4.0',50,'3'),(1879,296,7,'3.0',50,'3'),(1880,298,7,'3.0',50,'3'),(1881,297,7,'3.0',50,'3'),(1882,299,7,'5.0',50,'3'),(1883,300,7,'4.0',50,'3'),(1884,301,7,'4.0',50,'3'),(1885,302,7,'5.0',50,'3'),(1886,303,8,'3.0',51,'3'),(1887,304,8,'5.0',51,'3'),(1888,305,8,'0.0',51,'3'),(1889,306,8,'5.0',51,'3'),(1890,307,8,'3.0',51,'3'),(1891,308,8,'3.0',51,'3'),(1892,309,8,'5.0',51,'3'),(1893,310,8,'4.0',51,'3'),(1894,311,8,'3.0',51,'3'),(1895,312,8,'4.0',51,'3'),(1896,313,8,'0.0',51,'3'),(1897,314,8,'3.0',51,'3'),(1898,315,8,'0.0',51,'3'),(1899,316,8,'3.0',51,'3'),(1900,317,8,'0.0',51,'3'),(1901,318,8,'4.0',51,'3'),(1902,319,8,'5.0',51,'3'),(1903,320,8,'3.0',51,'3'),(1904,321,8,'4.0',51,'3'),(1905,322,8,'4.0',51,'3'),(1906,323,8,'4.0',51,'3'),(1907,324,8,'0.0',51,'3'),(1908,325,8,'4.0',51,'3'),(1909,326,8,'2.0',51,'3'),(1910,327,8,'4.0',51,'3'),(1911,328,8,'5.0',51,'3'),(1912,329,8,'4.0',51,'3'),(1913,330,8,'0.0',51,'3'),(1914,331,8,'5.0',51,'3'),(1915,332,8,'4.0',51,'3'),(1916,333,8,'0.0',51,'3'),(1917,334,8,'5.0',51,'3'),(1918,335,8,'0.0',51,'3'),(1919,336,8,'0.0',51,'3'),(1920,337,8,'4.0',51,'3'),(1921,339,9,'3.0',52,'3'),(1922,338,9,'5.0',52,'3'),(1923,340,9,'0.0',52,'3'),(1924,341,9,'5.0',52,'3'),(1925,342,9,'5.0',52,'3'),(1926,343,9,'4.0',52,'3'),(1927,344,9,'0.0',52,'3'),(1928,345,9,'5.0',52,'3'),(1929,347,9,'5.0',52,'3'),(1930,346,9,'5.0',52,'3'),(1931,348,9,'4.0',52,'3'),(1932,349,9,'4.0',52,'3'),(1933,350,9,'0.0',52,'3'),(1934,351,9,'5.0',52,'3'),(1935,352,9,'4.0',52,'3'),(1936,353,9,'5.0',52,'3'),(1937,354,9,'4.0',52,'3'),(1938,355,9,'4.0',52,'3'),(1939,356,9,'5.0',52,'3'),(1940,357,9,'4.0',52,'3'),(1941,358,9,'5.0',52,'3'),(1942,359,9,'5.0',52,'3'),(1943,360,9,'5.0',52,'3'),(1944,361,9,'4.0',52,'3'),(1945,362,9,'3.0',52,'3'),(1946,363,9,'4.0',52,'3'),(1947,364,9,'3.0',52,'3'),(1948,365,9,'5.0',52,'3'),(1949,366,9,'5.0',52,'3'),(1950,367,9,'5.0',52,'3'),(1951,368,9,'5.0',52,'3'),(1952,369,9,'5.0',52,'3'),(1953,370,9,'4.0',52,'3'),(1954,371,9,'0.0',52,'3'),(1955,372,9,'5.0',52,'3'),(1956,373,9,'4.0',52,'3'),(1957,374,9,'0.0',52,'3'),(1958,375,9,'0.0',52,'3'),(1959,376,9,'5.0',52,'3'),(1960,377,9,'5.0',52,'3'),(1961,378,9,'2.0',52,'3'),(1962,379,9,'3.0',52,'3'),(1963,380,9,'5.0',52,'3'),(1964,381,9,'4.0',52,'3'),(1965,382,9,'4.0',52,'3'),(1966,383,9,'5.0',52,'3'),(1967,384,9,'5.0',52,'3'),(1968,385,9,'3.0',52,'3'),(1969,386,9,'5.0',52,'3'),(1970,387,9,'3.0',52,'3'),(1971,388,9,'5.0',52,'3'),(1972,429,9,'0.0',52,'3'),(1973,430,9,'5.0',52,'3'),(1974,338,9,'4.0',53,'3'),(1975,339,9,'5.0',53,'3'),(2433,340,9,'3.0',53,'3'),(1977,341,9,'5.0',53,'3'),(1978,342,9,'4.0',53,'3'),(1979,343,9,'5.0',53,'3'),(1980,344,9,'0.0',53,'3'),(1981,345,9,'5.0',53,'3'),(1982,346,9,'5.0',53,'3'),(1983,347,9,'5.0',53,'3'),(1984,348,9,'5.0',53,'3'),(1985,349,9,'5.0',53,'3'),(1986,350,9,'0.0',53,'3'),(1987,351,9,'4.0',53,'3'),(1988,352,9,'5.0',53,'3'),(1989,353,9,'5.0',53,'3'),(1990,354,9,'0.0',53,'3'),(1991,355,9,'4.0',53,'3'),(1992,356,9,'5.0',53,'3'),(1993,357,9,'3.0',53,'3'),(1994,358,9,'5.0',53,'3'),(1995,359,9,'3.0',53,'3'),(1996,360,9,'5.0',53,'3'),(1997,361,9,'2.0',53,'3'),(1998,362,9,'3.0',53,'3'),(1999,363,9,'5.0',53,'3'),(2000,364,9,'3.0',53,'3'),(2001,365,9,'3.0',53,'3'),(2002,366,9,'5.0',53,'3'),(2003,367,9,'5.0',53,'3'),(2004,368,9,'5.0',53,'3'),(2005,369,9,'4.0',53,'3'),(2006,370,9,'3.0',53,'3'),(2007,371,9,'0.0',53,'3'),(2008,372,9,'5.0',53,'3'),(2009,373,9,'3.0',53,'3'),(2010,374,9,'0.0',53,'3'),(2011,375,9,'5.0',53,'3'),(2012,376,9,'5.0',53,'3'),(2013,377,9,'5.0',53,'3'),(2014,378,9,'3.0',53,'3'),(2015,379,9,'4.0',53,'3'),(2016,380,9,'5.0',53,'3'),(2017,381,9,'5.0',53,'3'),(2018,382,9,'5.0',53,'3'),(2019,383,9,'5.0',53,'3'),(2020,384,9,'2.0',53,'3'),(2434,352,9,'4.0',54,'3'),(2022,386,9,'3.0',53,'3'),(2023,387,9,'5.0',53,'3'),(2024,388,9,'3.0',53,'3'),(2025,429,9,'0.0',53,'3'),(2026,430,9,'4.0',53,'3'),(2027,338,9,'5.0',54,'3'),(2028,339,9,'4.0',54,'3'),(2029,340,9,'3.0',54,'3'),(2030,341,9,'5.0',54,'3'),(2031,342,9,'3.0',54,'3'),(2032,343,9,'5.0',54,'3'),(2033,344,9,'0.0',54,'3'),(2034,345,9,'5.0',54,'3'),(2035,346,9,'3.0',54,'3'),(2036,347,9,'5.0',54,'3'),(2037,348,9,'0.0',54,'3'),(2038,349,9,'5.0',54,'3'),(2039,350,9,'0.0',54,'3'),(2040,351,9,'5.0',54,'3'),(2437,385,9,'5.0',53,'3'),(2042,353,9,'5.0',54,'3'),(2043,354,9,'4.0',54,'3'),(2044,355,9,'3.0',54,'3'),(2045,356,9,'5.0',54,'3'),(2046,357,9,'5.0',54,'3'),(2047,358,9,'5.0',54,'3'),(2048,359,9,'3.0',54,'3'),(2049,360,9,'5.0',54,'3'),(2436,362,9,'3.0',54,'3'),(2435,361,9,'2.0',54,'3'),(2052,363,9,'5.0',54,'3'),(2053,364,9,'3.0',54,'3'),(2054,365,9,'5.0',54,'3'),(2055,366,9,'5.0',54,'3'),(2056,367,9,'3.0',54,'3'),(2057,368,9,'0.0',54,'3'),(2058,369,9,'5.0',54,'3'),(2059,370,9,'3.0',54,'3'),(2060,371,9,'0.0',54,'3'),(2061,372,9,'5.0',54,'3'),(2062,373,9,'5.0',54,'3'),(2063,374,9,'0.0',54,'3'),(2064,375,9,'3.0',54,'3'),(2065,376,9,'5.0',54,'3'),(2066,377,9,'5.0',54,'3'),(2067,378,9,'3.0',54,'3'),(2068,379,9,'5.0',54,'3'),(2069,380,9,'0.0',54,'3'),(2070,381,9,'4.0',54,'3'),(2071,382,9,'5.0',54,'3'),(2072,383,9,'5.0',54,'3'),(2073,384,9,'5.0',54,'3'),(2074,385,9,'4.0',54,'3'),(2075,386,9,'3.0',54,'3'),(2076,387,9,'5.0',54,'3'),(2077,388,9,'3.0',54,'3'),(2078,429,9,'0.0',54,'3'),(2080,430,9,'4.0',54,'3'),(2081,444,9,'5.0',52,'3'),(2082,444,9,'3.0',53,'3'),(2083,444,9,'0.0',54,'3'),(2084,389,10,'3.0',55,'3'),(2085,390,10,'3.0',55,'3'),(2086,391,10,'1.0',55,'3'),(2087,392,10,'5.0',55,'3'),(2088,393,10,'3.0',55,'3'),(2089,394,10,'3.0',55,'3'),(2090,395,10,'0.0',55,'3'),(2091,396,10,'4.0',55,'3'),(2092,397,10,'3.0',55,'3'),(2093,398,10,'4.0',55,'3'),(2094,399,10,'4.0',55,'3'),(2095,400,10,'3.0',55,'3'),(2096,402,10,'3.0',55,'3'),(2097,403,10,'3.0',55,'3'),(2098,404,10,'4.0',55,'3'),(2099,405,10,'5.0',55,'3'),(2100,406,10,'4.0',55,'3'),(2101,407,10,'3.0',55,'3'),(2102,408,10,'3.0',55,'3'),(2103,409,10,'2.0',55,'3'),(2104,410,10,'1.0',55,'3'),(2105,411,10,'0.0',55,'3'),(2106,412,10,'3.0',55,'3'),(2107,413,10,'3.0',55,'3'),(2108,414,10,'3.0',55,'3'),(2109,415,10,'0.0',55,'3'),(2110,416,10,'4.0',55,'3'),(2111,417,10,'5.0',55,'3'),(2112,418,10,'4.0',55,'3'),(2113,419,10,'3.0',55,'3'),(2114,420,10,'4.0',55,'3'),(2115,421,10,'5.0',55,'3'),(2116,423,10,'0.0',55,'3'),(2117,422,10,'3.0',55,'3'),(2118,424,10,'4.0',55,'3'),(2121,190,5,'5.0',56,'3'),(2122,191,5,'5.0',56,'3'),(2123,192,5,'3.0',56,'3'),(2124,193,5,'3.0',56,'3'),(2125,194,5,'3.0',56,'3'),(2126,195,5,'3.0',56,'3'),(2127,196,5,'3.0',56,'3'),(2128,197,5,'3.0',56,'3'),(2129,198,5,'3.0',56,'3'),(2130,199,5,'3.0',56,'3'),(2131,200,5,'0.0',56,'3'),(2132,201,5,'3.0',56,'3'),(2133,203,5,'0.0',56,'3'),(2134,202,5,'3.0',56,'3'),(2135,204,5,'3.0',56,'3'),(2136,205,5,'1.0',56,'3'),(2137,206,5,'1.0',56,'3'),(2209,172,5,'4.0',56,'3'),(2139,208,5,'4.0',56,'3'),(2140,428,5,'4.0',56,'3'),(2141,440,5,'0.0',56,'3'),(2142,442,5,'2.5',56,'3'),(2143,211,6,'4.0',57,'3'),(2144,209,6,'3.0',57,'3'),(2145,210,6,'3.0',57,'3'),(2146,212,6,'3.0',57,'3'),(2147,213,6,'3.0',57,'3'),(2148,214,6,'0.0',57,'3'),(2149,215,6,'2.0',57,'3'),(2150,216,6,'3.0',57,'3'),(2151,217,6,'2.0',57,'3'),(2152,218,6,'3.0',57,'3'),(2153,219,6,'4.0',57,'3'),(2154,220,6,'3.0',57,'3'),(2155,221,6,'4.0',57,'3'),(2156,222,6,'3.0',57,'3'),(2157,223,6,'3.0',57,'3'),(2158,224,6,'4.0',57,'3'),(2159,225,6,'3.0',57,'3'),(2160,226,6,'2.0',57,'3'),(2161,227,6,'3.0',57,'3'),(2162,228,6,'5.0',57,'3'),(2163,230,6,'4.0',57,'3'),(2164,229,6,'4.0',57,'3'),(2165,231,6,'4.0',57,'3'),(2166,232,6,'3.0',57,'3'),(2167,233,6,'5.0',57,'3'),(2168,234,6,'3.0',57,'3'),(2169,237,6,'3.0',57,'3'),(2170,238,6,'4.0',57,'3'),(2483,303,8,'3.6',58,'4'),(2484,326,8,'4.0',58,'4'),(2485,310,8,'3.8',58,'4'),(2176,240,6,'2.0',57,'3'),(2177,241,6,'5.0',57,'3'),(2178,242,6,'3.0',57,'3'),(2179,244,6,'5.0',57,'3'),(2180,245,6,'2.0',57,'3'),(2181,248,6,'3.0',57,'3'),(2182,250,6,'5.0',57,'3'),(2183,251,6,'3.0',57,'3'),(2184,255,6,'5.0',57,'3'),(2185,259,6,'5.0',57,'3'),(2186,258,6,'4.0',57,'3'),(2187,261,6,'4.0',57,'3'),(2188,262,6,'3.0',57,'3'),(2189,263,6,'4.0',57,'3'),(2192,243,6,'4.0',57,'3'),(2193,253,6,'5.0',57,'3'),(2194,235,6,'0.0',57,'3'),(2195,236,6,'0.0',57,'3'),(2196,239,6,'0.0',57,'3'),(2197,246,6,'0.0',57,'3'),(2198,247,6,'0.0',57,'3'),(2199,249,6,'0.0',57,'3'),(2200,252,6,'0.0',57,'3'),(2201,254,6,'0.0',57,'3'),(2202,256,6,'0.0',57,'3'),(2203,257,6,'0.0',57,'3'),(2204,260,6,'0.0',57,'3'),(2205,264,6,'0.0',57,'3'),(2206,265,6,'0.0',57,'3'),(2207,266,6,'0.0',57,'3'),(2208,443,6,'0.0',57,'3'),(2210,170,5,'4.0',56,'3'),(2211,176,5,'3.0',56,'3'),(2212,177,5,'3.0',56,'3'),(2213,178,5,'3.0',56,'3'),(2214,181,5,'3.0',56,'3'),(2215,180,5,'4.0',56,'3'),(2216,182,5,'5.0',56,'3'),(2217,185,5,'3.0',56,'3'),(2218,186,5,'5.0',56,'3'),(2219,207,5,'5.0',56,'3'),(2220,175,5,'0.0',56,'3'),(2221,171,5,'0.0',56,'3'),(2222,174,5,'0.0',56,'3'),(2223,173,5,'0.0',56,'3'),(2224,179,5,'0.0',56,'3'),(2225,183,5,'0.0',56,'3'),(2226,184,5,'0.0',56,'3'),(2227,187,5,'0.0',56,'3'),(2228,188,5,'0.0',56,'3'),(2229,189,5,'0.0',56,'3'),(2230,426,5,'0.0',56,'3'),(2231,427,5,'0.0',56,'3'),(2232,432,5,'0.0',56,'3'),(2233,441,5,'0.0',56,'3'),(2239,445,5,'2.5',46,'3'),(2240,445,5,'0.0',47,'3'),(2241,445,5,'0.0',56,'3'),(2243,128,4,'4.0',59,'3'),(2244,133,4,'4.0',59,'3'),(2245,134,4,'4.0',59,'3'),(2246,136,4,'4.0',59,'3'),(2247,142,4,'4.0',59,'3'),(2248,150,4,'4.0',59,'3'),(2249,161,4,'4.0',59,'3'),(2250,168,4,'4.0',59,'3'),(2251,154,4,'3.0',59,'3'),(2252,145,4,'2.9',59,'3'),(2253,157,4,'2.9',59,'3'),(2254,130,4,'5.0',59,'3'),(2255,129,4,'5.0',59,'3'),(2256,132,4,'5.0',59,'3'),(2257,131,4,'5.0',59,'3'),(2258,135,4,'5.0',59,'3'),(2259,137,4,'5.0',59,'3'),(2260,138,4,'5.0',59,'3'),(2261,139,4,'5.0',59,'3'),(2262,140,4,'5.0',59,'3'),(2263,141,4,'5.0',59,'3'),(2264,143,4,'5.0',59,'3'),(2265,144,4,'5.0',59,'3'),(2266,146,4,'5.0',59,'3'),(2267,147,4,'5.0',59,'3'),(2268,149,4,'5.0',59,'3'),(2269,148,4,'5.0',59,'3'),(2270,151,4,'5.0',59,'3'),(2271,152,4,'5.0',59,'3'),(2272,153,4,'5.0',59,'3'),(2273,155,4,'5.0',59,'3'),(2274,156,4,'5.0',59,'3'),(2275,158,4,'5.0',59,'3'),(2276,159,4,'5.0',59,'3'),(2277,160,4,'5.0',59,'3'),(2278,162,4,'5.0',59,'3'),(2279,163,4,'5.0',59,'3'),(2280,164,4,'5.0',59,'3'),(2281,165,4,'5.0',59,'3'),(2282,167,4,'5.0',59,'3'),(2283,166,4,'5.0',59,'3'),(2284,169,4,'5.0',59,'3'),(2481,311,8,'3.5',58,'4'),(2482,329,8,'3.5',58,'4'),(2362,403,10,'2.7',62,'4'),(2361,407,10,'1.7',62,'4'),(2360,406,10,'1.7',62,'4'),(2359,393,10,'0.5',62,'4'),(2358,405,10,'1.7',62,'4'),(2357,390,10,'0.0',62,'4'),(2356,412,10,'0.5',62,'4'),(2355,421,10,'5.0',62,'4'),(2354,410,10,'0.0',62,'4'),(2353,414,10,'0.0',62,'4'),(2352,424,10,'0.0',62,'4'),(2351,417,10,'0.0',62,'4'),(2350,416,10,'0.0',62,'4'),(2349,418,10,'0.8',62,'4'),(2348,415,10,'0.0',62,'4'),(2347,420,10,'0.0',62,'4'),(2346,413,10,'5.0',62,'4'),(2345,2,1,'3.0',61,'2'),(2344,3,1,'4.0',61,'2'),(2342,1,1,'1.0',61,'2'),(2343,4,1,'1.0',61,'2'),(2363,402,10,'0.5',62,'4'),(2364,392,10,'3.5',62,'4'),(2365,408,10,'0.0',62,'4'),(2366,389,10,'0.5',62,'4'),(2367,397,10,'1.7',62,'4'),(2368,409,10,'3.5',62,'4'),(2369,394,10,'0.0',62,'4'),(2370,391,10,'0.0',62,'4'),(2371,395,10,'0.0',62,'4'),(2372,396,10,'0.0',62,'4'),(2373,398,10,'0.0',62,'4'),(2374,399,10,'0.0',62,'4'),(2375,400,10,'0.0',62,'4'),(2376,404,10,'0.0',62,'4'),(2377,411,10,'0.0',62,'4'),(2378,419,10,'0.0',62,'4'),(2379,422,10,'0.0',62,'4'),(2380,423,10,'0.0',62,'4'),(2381,24,1,'1.7',63,'4'),(2382,37,1,'1.7',63,'4'),(2383,26,1,'1.0',63,'4'),(2384,36,1,'1.0',63,'4'),(2385,30,1,'0.0',63,'4'),(2386,32,1,'0.0',63,'4'),(2387,28,1,'5.0',63,'4'),(2388,40,1,'5.0',63,'4'),(2389,27,1,'5.0',63,'4'),(2390,41,1,'5.0',63,'4'),(2391,34,1,'5.0',63,'4'),(2392,35,1,'5.0',63,'4'),(2393,25,1,'0.0',63,'4'),(2394,31,1,'0.0',63,'4'),(2395,29,1,'1.7',63,'4'),(3625,39,1,'2.0',63,'4'),(2397,10,1,'0.0',63,'4'),(2398,9,1,'3.5',63,'4'),(2399,11,1,'3.5',63,'4'),(3606,1,1,'1.5',63,'4'),(2401,2,1,'0.0',63,'4'),(2402,4,1,'1.7',63,'4'),(2403,15,1,'2.5',63,'4'),(2404,16,1,'2.5',63,'4'),(2405,12,1,'3.5',63,'4'),(2406,18,1,'3.5',63,'4'),(2407,20,1,'4.0',63,'4'),(2408,21,1,'4.0',63,'4'),(2409,6,1,'0.0',63,'4'),(2410,22,1,'0.0',63,'4'),(3608,3,1,'1.0',63,'4'),(2412,13,1,'1.8',63,'4'),(2413,17,1,'0.0',63,'4'),(2414,19,1,'0.0',63,'4'),(3615,7,1,'1.0',63,'4'),(3589,38,1,'3.0',63,'4'),(2417,5,1,'0.0',63,'4'),(3613,8,1,'1.0',63,'4'),(2419,14,1,'0.0',63,'4'),(2420,33,1,'0.0',63,'4'),(2421,42,1,'0.0',63,'4'),(2422,425,1,'0.0',63,'4'),(3588,23,1,'3.0',63,'4'),(2438,137,4,'5.0',64,'4'),(2439,139,4,'5.0',64,'4'),(2440,142,4,'2.5',64,'4'),(2441,148,4,'2.5',64,'4'),(2442,156,4,'3.3',64,'4'),(2443,162,4,'3.3',64,'4'),(2444,159,4,'5.0',64,'4'),(2445,164,4,'5.0',64,'4'),(2446,143,4,'5.0',64,'4'),(2447,169,4,'5.0',64,'4'),(2448,135,4,'0.8',64,'4'),(2449,167,4,'0.8',64,'4'),(2450,140,4,'4.1',64,'4'),(2451,157,4,'4.1',64,'4'),(2452,134,4,'5.0',64,'4'),(2453,165,4,'5.0',64,'4'),(2454,138,4,'0.4',64,'4'),(2455,166,4,'0.4',64,'4'),(2456,129,4,'3.0',64,'4'),(2457,147,4,'3.0',64,'4'),(2458,153,4,'2.1',64,'4'),(2459,154,4,'2.1',64,'4'),(2460,161,4,'2.1',64,'4'),(2461,163,4,'2.1',64,'4'),(2462,136,4,'2.1',64,'4'),(2463,146,4,'2.1',64,'4'),(2464,132,4,'3.8',64,'4'),(2465,141,4,'3.8',64,'4'),(2466,133,4,'2.1',64,'4'),(2467,150,4,'2.1',64,'4'),(2468,144,4,'0.8',64,'4'),(2469,160,4,'0.8',64,'4'),(2470,131,4,'3.3',64,'4'),(2471,145,4,'3.3',64,'4'),(2472,128,4,'0.0',64,'4'),(2473,130,4,'0.0',64,'4'),(2474,149,4,'0.0',64,'4'),(2475,151,4,'0.0',64,'4'),(2476,152,4,'0.0',64,'4'),(2477,155,4,'0.0',64,'4'),(2478,158,4,'0.0',64,'4'),(2479,168,4,'0.0',64,'4'),(2480,64,2,'5.0',65,'4'),(2486,333,8,'3.9',58,'4'),(2487,304,8,'4.5',58,'4'),(2488,307,8,'4.0',58,'4'),(2489,323,8,'4.0',58,'4'),(2490,332,8,'4.1',58,'4'),(2491,319,8,'3.9',58,'4'),(2492,327,8,'4.6',58,'4'),(2493,309,8,'3.5',58,'4'),(2494,328,8,'4.0',58,'4'),(2495,306,8,'4.4',58,'4'),(2496,334,8,'2.8',58,'4'),(2497,308,8,'3.5',58,'4'),(2498,325,8,'4.8',58,'4'),(2499,314,8,'3.8',58,'4'),(2500,305,8,'3.9',58,'4'),(2501,322,8,'4.1',58,'4'),(2502,336,8,'3.8',58,'4'),(2503,316,8,'3.0',58,'4'),(2504,335,8,'3.3',58,'4'),(2505,312,8,'0.0',58,'4'),(2506,313,8,'0.0',58,'4'),(2507,315,8,'0.0',58,'4'),(2508,317,8,'0.0',58,'4'),(2509,318,8,'0.0',58,'4'),(2510,320,8,'0.0',58,'4'),(2511,321,8,'0.0',58,'4'),(2512,324,8,'0.0',58,'4'),(2513,330,8,'0.0',58,'4'),(2514,331,8,'0.0',58,'4'),(2515,337,8,'0.0',58,'4'),(2516,308,8,'4.4',67,'4'),(2517,328,8,'4.4',67,'4'),(2518,335,8,'4.4',67,'4'),(2519,314,8,'3.7',67,'4'),(2520,306,8,'4.6',67,'4'),(2521,327,8,'4.6',67,'4'),(2522,333,8,'4.6',67,'4'),(2523,307,8,'3.8',67,'4'),(2524,323,8,'3.8',67,'4'),(2525,311,8,'3.8',67,'4'),(2526,322,8,'3.8',67,'4'),(2527,334,8,'3.8',67,'4'),(2528,310,8,'4.8',67,'4'),(2529,320,8,'4.8',67,'4'),(2530,329,8,'4.8',67,'4'),(2531,304,8,'5.0',67,'4'),(2532,316,8,'5.0',67,'4'),(2533,309,8,'4.6',67,'4'),(2534,319,8,'4.6',67,'4'),(2535,318,8,'4.6',67,'4'),(2536,331,8,'4.6',67,'4'),(2537,303,8,'4.2',67,'4'),(2538,325,8,'4.2',67,'4'),(2539,326,8,'4.2',67,'4'),(2540,305,8,'0.0',67,'4'),(2541,312,8,'0.0',67,'4'),(2542,313,8,'0.0',67,'4'),(2543,315,8,'0.0',67,'4'),(2544,317,8,'0.0',67,'4'),(2545,321,8,'0.0',67,'4'),(2546,324,8,'0.0',67,'4'),(2547,330,8,'0.0',67,'4'),(2548,332,8,'0.0',67,'4'),(2549,336,8,'0.0',67,'4'),(2550,337,8,'0.0',67,'4'),(2551,419,10,'3.0',68,'4'),(2552,420,10,'2.0',68,'4'),(2553,423,10,'3.0',68,'4'),(2554,422,10,'4.0',68,'4'),(2555,421,10,'4.0',68,'4'),(2556,396,10,'3.0',68,'4'),(2557,408,10,'2.5',68,'4'),(2558,412,10,'3.5',68,'4'),(2559,393,10,'4.0',68,'4'),(2560,415,10,'2.0',68,'4'),(2561,413,10,'5.0',68,'4'),(2562,392,10,'4.0',68,'4'),(2563,397,10,'4.0',68,'4'),(2564,404,10,'4.0',68,'4'),(2565,390,10,'4.0',68,'4'),(2566,389,10,'3.5',68,'4'),(2567,416,10,'4.0',68,'4'),(2568,417,10,'4.0',68,'4'),(2569,418,10,'3.5',68,'4'),(2570,402,10,'4.0',68,'4'),(2571,409,10,'4.0',68,'4'),(2572,410,10,'4.0',68,'4'),(2573,405,10,'4.0',68,'4'),(2574,403,10,'4.0',68,'4'),(2575,399,10,'4.0',68,'4'),(2576,394,10,'4.0',68,'4'),(2577,391,10,'5.0',68,'4'),(2578,398,10,'2.0',68,'4'),(2579,414,10,'4.0',68,'4'),(2580,424,10,'5.0',68,'4'),(2581,400,10,'3.0',68,'4'),(2582,406,10,'4.0',68,'4'),(2583,407,10,'4.0',68,'4'),(2584,395,10,'0.0',68,'4'),(2585,411,10,'0.0',68,'4'),(2586,146,4,'5.0',69,'4'),(2587,140,4,'5.0',69,'4'),(2588,139,4,'5.0',69,'4'),(2589,135,4,'1.7',69,'4'),(2591,134,4,'3.3',69,'4'),(2592,137,4,'5.0',69,'4'),(2593,154,4,'3.3',69,'4'),(2594,148,4,'5.0',69,'4'),(2595,138,4,'2.5',69,'4'),(2596,164,4,'5.0',69,'4'),(2597,153,4,'0.0',69,'4'),(2598,141,4,'3.3',69,'4'),(2599,159,4,'5.0',69,'4'),(2600,150,4,'5.0',69,'4'),(2601,151,4,'5.0',69,'4'),(2602,128,4,'0.0',69,'4'),(2603,136,4,'2.5',69,'4'),(2604,169,4,'5.0',69,'4'),(2605,156,4,'3.3',69,'4'),(2606,144,4,'2.5',69,'4'),(2607,160,4,'0.0',69,'4'),(2608,143,4,'5.0',69,'4'),(2609,163,4,'3.3',69,'4'),(2610,131,4,'3.3',69,'4'),(2611,149,4,'1.7',69,'4'),(2612,165,4,'1.7',69,'4'),(2613,133,4,'3.3',69,'4'),(2614,132,4,'0.0',69,'4'),(2615,168,4,'1.7',69,'4'),(2616,129,4,'0.0',69,'4'),(2617,130,4,'0.0',69,'4'),(2618,142,4,'0.0',69,'4'),(2619,145,4,'0.0',69,'4'),(2620,147,4,'0.0',69,'4'),(2621,152,4,'0.0',69,'4'),(2622,155,4,'0.0',69,'4'),(2623,157,4,'0.0',69,'4'),(2624,158,4,'0.0',69,'4'),(2625,161,4,'0.0',69,'4'),(2626,162,4,'0.0',69,'4'),(2627,166,4,'0.0',69,'4'),(2628,167,4,'0.0',69,'4'),(2629,349,9,'3.5',70,'4'),(2630,430,9,'3.5',70,'4'),(2631,339,9,'3.5',70,'4'),(2632,341,9,'4.5',70,'4'),(2633,368,9,'4.5',70,'4'),(2634,352,9,'3.5',70,'4'),(2635,346,9,'2.5',70,'4'),(2636,348,9,'3.5',70,'4'),(2637,367,9,'4.5',70,'4'),(2638,361,9,'3.5',70,'4'),(2639,370,9,'2.0',70,'4'),(2640,347,9,'4.0',70,'4'),(2641,365,9,'2.5',70,'4'),(2642,338,9,'2.0',70,'4'),(2643,378,9,'3.5',70,'4'),(2644,384,9,'2.0',70,'4'),(2645,360,9,'2.0',70,'4'),(2646,358,9,'2.5',70,'4'),(2647,359,9,'3.5',70,'4'),(2648,362,9,'3.5',70,'4'),(2649,357,9,'2.5',70,'4'),(2650,351,9,'3.0',70,'4'),(2651,386,9,'3.5',70,'4'),(2652,372,9,'3.5',70,'4'),(2653,366,9,'2.0',70,'4'),(2654,376,9,'3.5',70,'4'),(2655,363,9,'2.0',70,'4'),(2656,385,9,'3.5',70,'4'),(2657,342,9,'3.5',70,'4'),(2658,381,9,'3.5',70,'4'),(2659,356,9,'2.5',70,'4'),(2660,340,9,'0.0',70,'4'),(2661,343,9,'0.0',70,'4'),(2662,344,9,'0.0',70,'4'),(2663,345,9,'0.0',70,'4'),(2664,350,9,'0.0',70,'4'),(2665,353,9,'0.0',70,'4'),(2666,354,9,'0.0',70,'4'),(2667,355,9,'0.0',70,'4'),(2668,364,9,'0.0',70,'4'),(2669,369,9,'0.0',70,'4'),(2670,371,9,'0.0',70,'4'),(2671,373,9,'0.0',70,'4'),(2672,374,9,'0.0',70,'4'),(2673,375,9,'0.0',70,'4'),(2674,377,9,'0.0',70,'4'),(2675,379,9,'0.0',70,'4'),(2676,380,9,'0.0',70,'4'),(2677,382,9,'0.0',70,'4'),(2678,383,9,'0.0',70,'4'),(2679,387,9,'0.0',70,'4'),(2680,388,9,'0.0',70,'4'),(2681,429,9,'0.0',70,'4'),(2682,444,9,'0.0',70,'4'),(2683,275,7,'4.0',71,'4'),(2684,278,7,'4.0',71,'4'),(2685,282,7,'4.0',71,'4'),(2686,267,7,'5.0',71,'4'),(2687,273,7,'5.0',71,'4'),(2688,287,7,'5.0',71,'4'),(2689,270,7,'4.0',71,'4'),(2690,271,7,'4.0',71,'4'),(2691,284,7,'4.0',71,'4'),(2692,274,7,'3.0',71,'4'),(2693,290,7,'3.0',71,'4'),(2694,294,7,'3.0',71,'4'),(2695,268,7,'4.0',71,'4'),(2696,285,7,'4.0',71,'4'),(2697,296,7,'4.0',71,'4'),(2698,286,7,'3.0',71,'4'),(2699,297,7,'3.0',71,'4'),(2700,300,7,'3.0',71,'4'),(2701,269,7,'5.0',71,'4'),(2702,276,7,'5.0',71,'4'),(2703,292,7,'5.0',71,'4'),(2704,280,7,'3.0',71,'4'),(2705,289,7,'3.0',71,'4'),(2706,279,7,'4.0',71,'4'),(2707,288,7,'4.0',71,'4'),(2708,272,7,'5.0',71,'4'),(2709,293,7,'5.0',71,'4'),(2710,295,7,'5.0',71,'4'),(2711,302,7,'5.0',71,'4'),(2712,298,7,'4.0',71,'4'),(2713,281,7,'5.0',71,'4'),(2714,299,7,'5.0',71,'4'),(2715,301,7,'5.0',71,'4'),(2716,277,7,'0.0',71,'4'),(2717,283,7,'0.0',71,'4'),(2718,291,7,'0.0',71,'4'),(2719,306,8,'3.0',72,'4'),(2720,309,8,'4.5',72,'4'),(2721,332,8,'3.5',72,'4'),(2722,316,8,'5.0',72,'4'),(2723,310,8,'5.0',72,'4'),(2724,322,8,'4.0',72,'4'),(2725,325,8,'5.0',72,'4'),(2726,303,8,'4.5',72,'4'),(2727,307,8,'3.0',72,'4'),(2728,333,8,'3.0',72,'4'),(2729,314,8,'5.0',72,'4'),(2730,326,8,'5.0',72,'4'),(2731,335,8,'3.0',72,'4'),(2732,334,8,'3.0',72,'4'),(2733,318,8,'3.0',72,'4'),(2734,323,8,'3.0',72,'4'),(2735,319,8,'2.5',72,'4'),(2736,337,8,'2.5',72,'4'),(2737,329,8,'4.0',72,'4'),(2738,327,8,'4.5',72,'4'),(2739,308,8,'3.5',72,'4'),(2740,328,8,'3.0',72,'4'),(2741,331,8,'3.0',72,'4'),(2742,312,8,'2.0',72,'4'),(2743,320,8,'4.5',72,'4'),(2744,305,8,'2.5',72,'4'),(2745,336,8,'3.5',72,'4'),(2746,304,8,'0.0',72,'4'),(2747,311,8,'3.0',72,'4'),(2748,313,8,'0.0',72,'4'),(2749,315,8,'0.0',72,'4'),(2750,317,8,'0.0',72,'4'),(2751,321,8,'0.0',72,'4'),(2752,324,8,'0.0',72,'4'),(2753,330,8,'0.0',72,'4'),(2754,213,6,'5.0',73,'4'),(2755,222,6,'5.0',73,'4'),(2756,248,6,'5.0',73,'4'),(2757,211,6,'5.0',73,'4'),(2758,220,6,'5.0',73,'4'),(2759,212,6,'5.0',73,'4'),(2760,251,6,'5.0',73,'4'),(2761,263,6,'5.0',73,'4'),(2762,262,6,'5.0',73,'4'),(2763,264,6,'5.0',73,'4'),(2764,232,6,'5.0',73,'4'),(2765,237,6,'5.0',73,'4'),(2766,238,6,'5.0',73,'4'),(2767,265,6,'5.0',73,'4'),(2768,225,6,'5.0',73,'4'),(2769,241,6,'5.0',73,'4'),(2770,256,6,'5.0',73,'4'),(2771,233,6,'5.0',73,'4'),(2772,243,6,'5.0',73,'4'),(2773,255,6,'5.0',73,'4'),(2774,261,6,'5.0',73,'4'),(2775,240,6,'4.6',73,'4'),(2776,242,6,'4.6',73,'4'),(2777,266,6,'4.6',73,'4'),(2778,215,6,'4.4',73,'4'),(2779,216,6,'4.4',73,'4'),(2780,217,6,'4.4',73,'4'),(2781,227,6,'4.4',73,'4'),(2782,246,6,'4.4',73,'4'),(2783,259,6,'4.4',73,'4'),(2784,210,6,'5.0',73,'4'),(2785,219,6,'5.0',73,'4'),(2786,229,6,'5.0',73,'4'),(2787,231,6,'5.0',73,'4'),(2788,230,6,'5.0',73,'4'),(2789,250,6,'5.0',73,'4'),(2790,209,6,'5.0',73,'4'),(2791,226,6,'5.0',73,'4'),(2792,228,6,'5.0',73,'4'),(2793,234,6,'5.0',73,'4'),(2794,218,6,'5.0',73,'4'),(2795,221,6,'5.0',73,'4'),(2796,245,6,'5.0',73,'4'),(2797,214,6,'0.0',73,'4'),(2798,224,6,'0.0',73,'4'),(2799,223,6,'0.0',73,'4'),(2800,235,6,'0.0',73,'4'),(2801,236,6,'0.0',73,'4'),(2802,239,6,'0.0',73,'4'),(2803,244,6,'0.0',73,'4'),(2804,247,6,'0.0',73,'4'),(2805,249,6,'0.0',73,'4'),(2806,252,6,'0.0',73,'4'),(2807,253,6,'0.0',73,'4'),(2808,254,6,'0.0',73,'4'),(2809,257,6,'0.0',73,'4'),(2810,258,6,'0.0',73,'4'),(2811,260,6,'0.0',73,'4'),(2812,443,6,'0.0',73,'4'),(2813,60,2,'1.3',74,'4'),(2814,99,2,'1.3',74,'4'),(2815,53,2,'2.5',74,'4'),(2816,69,2,'2.5',74,'4'),(2817,84,2,'1.0',74,'4'),(2818,89,2,'1.0',74,'4'),(2819,43,2,'3.8',74,'4'),(2820,48,2,'3.8',74,'4'),(2821,63,2,'1.3',74,'4'),(2822,81,2,'1.3',74,'4'),(2823,75,2,'1.0',74,'4'),(2824,68,2,'1.0',74,'4'),(2825,61,2,'3.8',74,'4'),(2826,62,2,'3.8',74,'4'),(2827,57,2,'5.0',74,'4'),(2828,78,2,'5.0',74,'4'),(2829,72,2,'3.8',74,'4'),(2830,74,2,'3.8',74,'4'),(2831,70,2,'3.8',74,'4'),(2832,87,2,'3.8',74,'4'),(2833,64,2,'5.0',74,'4'),(2834,65,2,'5.0',74,'4'),(2835,51,2,'5.0',74,'4'),(2836,58,2,'5.0',74,'4'),(2837,47,2,'0.0',74,'4'),(2838,45,2,'0.0',74,'4'),(2839,46,2,'0.0',74,'4'),(2840,49,2,'0.0',74,'4'),(2841,44,2,'0.0',74,'4'),(2842,50,2,'0.0',74,'4'),(2843,52,2,'0.0',74,'4'),(2844,54,2,'0.0',74,'4'),(2845,59,2,'0.0',74,'4'),(2846,67,2,'0.0',74,'4'),(2847,71,2,'0.0',74,'4'),(2848,73,2,'0.0',74,'4'),(2849,76,2,'0.0',74,'4'),(2850,77,2,'0.0',74,'4'),(2851,79,2,'0.0',74,'4'),(2852,82,2,'0.0',74,'4'),(2853,80,2,'0.0',74,'4'),(2854,83,2,'0.0',74,'4'),(2855,85,2,'0.0',74,'4'),(2856,86,2,'0.0',74,'4'),(2857,88,2,'0.0',74,'4'),(2858,433,2,'0.0',74,'4'),(2859,219,6,'5.0',75,'4'),(2860,231,6,'5.0',75,'4'),(2861,250,6,'5.0',75,'4'),(2862,225,6,'5.0',75,'4'),(2863,234,6,'5.0',75,'4'),(2864,212,6,'4.6',75,'4'),(2865,251,6,'4.6',75,'4'),(2866,264,6,'4.6',75,'4'),(2867,242,6,'5.0',75,'4'),(2868,245,6,'5.0',75,'4'),(2869,258,6,'5.0',75,'4'),(2870,215,6,'5.0',75,'4'),(2871,216,6,'5.0',75,'4'),(2872,259,6,'5.0',75,'4'),(2873,228,6,'5.0',75,'4'),(2874,229,6,'5.0',75,'4'),(2875,230,6,'5.0',75,'4'),(2876,218,6,'4.6',75,'4'),(2877,221,6,'4.6',75,'4'),(2878,226,6,'4.6',75,'4'),(2879,240,6,'4.6',75,'4'),(2880,233,6,'5.0',75,'4'),(2881,243,6,'5.0',75,'4'),(2882,253,6,'5.0',75,'4'),(2883,237,6,'5.0',75,'4'),(2884,238,6,'5.0',75,'4'),(2885,265,6,'5.0',75,'4'),(2886,213,6,'4.6',75,'4'),(2887,222,6,'4.6',75,'4'),(2888,248,6,'4.6',75,'4'),(2889,210,6,'5.0',75,'4'),(2890,227,6,'5.0',75,'4'),(2891,13,1,'3.3',76,'4'),(2892,38,1,'1.0',76,'4'),(3623,39,1,'2.0',76,'4'),(2894,18,1,'3.3',76,'4'),(3600,17,1,'5.0',76,'4'),(2896,33,1,'3.3',76,'4'),(2897,12,1,'5.0',76,'4'),(2898,41,1,'5.0',76,'4'),(2899,1,1,'3.6',76,'4'),(2900,36,1,'3.6',76,'4'),(2901,23,1,'3.2',76,'4'),(2902,27,1,'3.2',76,'4'),(2903,8,1,'4.1',76,'4'),(2904,19,1,'4.1',76,'4'),(2905,20,1,'4.1',76,'4'),(2906,29,1,'4.1',76,'4'),(2907,7,1,'3.3',76,'4'),(2908,35,1,'3.3',76,'4'),(2909,15,1,'5.0',76,'4'),(2910,16,1,'5.0',76,'4'),(2911,4,1,'5.0',76,'4'),(2912,2,1,'5.0',76,'4'),(2913,11,1,'5.0',76,'4'),(2914,40,1,'5.0',76,'4'),(2915,32,1,'5.0',76,'4'),(2916,42,1,'5.0',76,'4'),(2917,25,1,'5.0',76,'4'),(2918,28,1,'5.0',76,'4'),(2919,6,1,'4.0',76,'4'),(2920,22,1,'4.0',76,'4'),(2921,10,1,'5.0',76,'4'),(2922,14,1,'5.0',76,'4'),(2923,26,1,'5.0',76,'4'),(2924,31,1,'5.0',76,'4'),(2925,9,1,'5.0',76,'4'),(2926,34,1,'5.0',76,'4'),(3607,3,1,'5.0',76,'4'),(2928,5,1,'0.0',76,'4'),(3626,21,1,'1.0',76,'4'),(3601,24,1,'3.3',76,'4'),(3603,30,1,'3.6',76,'4'),(3617,37,1,'3.0',76,'4'),(2933,425,1,'0.0',76,'4'),(2934,95,3,'5.0',77,'4'),(2935,97,3,'1.7',77,'4'),(2936,127,3,'5.0',77,'4'),(2937,101,3,'5.0',77,'4'),(2938,119,3,'5.0',77,'4'),(2939,117,3,'3.3',77,'4'),(2940,126,3,'3.3',77,'4'),(2941,112,3,'1.0',77,'4'),(2942,118,3,'3.3',77,'4'),(2943,110,3,'3.7',77,'4'),(2944,91,3,'5.0',77,'4'),(2945,109,3,'3.3',77,'4'),(2946,100,3,'2.5',77,'4'),(2947,55,3,'1.7',77,'4'),(2948,123,3,'3.0',77,'4'),(2949,103,3,'1.7',77,'4'),(2950,115,3,'1.0',77,'4'),(2951,108,3,'2.2',77,'4'),(2953,120,3,'4.5',77,'4'),(2954,96,3,'1.3',77,'4'),(2955,121,3,'3.3',77,'4'),(2956,94,3,'1.0',77,'4'),(2957,93,3,'0.0',77,'4'),(2958,92,3,'0.0',77,'4'),(2959,90,3,'0.0',77,'4'),(2960,98,3,'0.0',77,'4'),(2961,102,3,'0.0',77,'4'),(2962,105,3,'0.0',77,'4'),(2963,104,3,'0.0',77,'4'),(2964,107,3,'0.0',77,'4'),(2965,106,3,'0.0',77,'4'),(2966,111,3,'0.0',77,'4'),(2967,113,3,'0.0',77,'4'),(2968,116,3,'0.0',77,'4'),(2969,114,3,'0.0',77,'4'),(2970,122,3,'0.0',77,'4'),(2971,124,3,'0.0',77,'4'),(2972,125,3,'0.0',77,'4'),(2973,431,3,'0.0',77,'4'),(2974,437,3,'0.0',77,'4'),(2975,438,3,'0.0',77,'4'),(2976,439,3,'0.0',77,'4'),(2977,407,10,'4.0',79,'4'),(2978,410,10,'4.2',79,'4'),(2979,399,10,'4.4',79,'4'),(2980,406,10,'4.7',79,'4'),(2981,404,10,'4.7',79,'4'),(2982,412,10,'4.5',79,'4'),(2983,414,10,'4.1',79,'4'),(2984,391,10,'4.0',79,'4'),(2985,394,10,'3.6',79,'4'),(2986,390,10,'4.6',79,'4'),(2987,389,10,'4.3',79,'4'),(2988,416,10,'4.5',79,'4'),(2989,418,10,'3.5',79,'4'),(2990,403,10,'4.4',79,'4'),(2991,397,10,'4.5',79,'4'),(2992,393,10,'4.2',79,'4'),(2993,419,10,'4.0',79,'4'),(2994,420,10,'3.8',79,'4'),(2995,421,10,'4.8',79,'4'),(2996,408,10,'4.2',79,'4'),(2997,424,10,'4.0',79,'4'),(2998,423,10,'3.8',79,'4'),(2999,422,10,'4.0',79,'4'),(3000,405,10,'4.5',79,'4'),(3001,392,10,'4.3',79,'4'),(3002,413,10,'4.5',79,'4'),(3003,395,10,'0.0',79,'4'),(3004,396,10,'0.0',79,'4'),(3005,398,10,'0.0',79,'4'),(3006,400,10,'0.0',79,'4'),(3007,402,10,'0.0',79,'4'),(3586,409,10,'3.5',79,'4'),(3009,411,10,'0.0',79,'4'),(3010,415,10,'0.0',79,'4'),(3587,417,10,'3.5',79,'4'),(3729,180,5,'3.6',81,'4'),(3013,189,5,'3.0',81,'4'),(3014,191,5,'3.0',81,'4'),(3726,174,5,'4.3',81,'4'),(3016,187,5,'4.0',81,'4'),(3017,203,5,'4.0',81,'4'),(3018,181,5,'3.8',81,'4'),(3019,186,5,'3.8',81,'4'),(3020,193,5,'3.8',81,'4'),(3021,176,5,'4.2',81,'4'),(3022,204,5,'4.2',81,'4'),(3023,195,5,'3.2',81,'4'),(3024,198,5,'3.2',81,'4'),(3025,428,5,'3.2',81,'4'),(3026,197,5,'3.8',81,'4'),(3724,172,5,'4.0',81,'4'),(3028,194,5,'3.5',81,'4'),(3029,208,5,'3.5',81,'4'),(3030,182,5,'3.8',81,'4'),(3031,183,5,'3.8',81,'4'),(3032,202,5,'3.8',81,'4'),(3033,185,5,'2.7',81,'4'),(3034,190,5,'2.7',81,'4'),(3035,201,5,'2.7',81,'4'),(3036,192,5,'3.0',81,'4'),(3037,206,5,'3.0',81,'4'),(3038,442,5,'3.0',81,'4'),(3039,175,5,'3.3',81,'4'),(3040,199,5,'3.3',81,'4'),(3041,205,5,'3.3',81,'4'),(3042,173,5,'0.0',81,'4'),(3043,171,5,'0.0',81,'4'),(3044,170,5,'0.0',81,'4'),(3045,177,5,'0.0',81,'4'),(3046,178,5,'0.0',81,'4'),(3047,179,5,'0.0',81,'4'),(3048,184,5,'0.0',81,'4'),(3049,188,5,'0.0',81,'4'),(3050,196,5,'0.0',81,'4'),(3051,200,5,'0.0',81,'4'),(3052,207,5,'0.0',81,'4'),(3053,426,5,'0.0',81,'4'),(3054,427,5,'0.0',81,'4'),(3055,432,5,'0.0',81,'4'),(3056,440,5,'0.0',81,'4'),(3057,441,5,'0.0',81,'4'),(3058,445,5,'0.0',81,'4'),(3059,150,4,'4.2',80,'4'),(3060,132,4,'2.0',80,'4'),(3061,151,4,'2.0',80,'4'),(3062,154,4,'2.0',80,'4'),(3063,129,4,'2.0',80,'4'),(3064,143,4,'2.0',80,'4'),(3065,167,4,'2.0',80,'4'),(3066,134,4,'3.0',80,'4'),(3067,148,4,'3.0',80,'4'),(3068,165,4,'3.0',80,'4'),(3069,156,4,'1.5',80,'4'),(3070,162,4,'1.5',80,'4'),(3071,163,4,'1.5',80,'4'),(3072,138,4,'3.3',80,'4'),(3073,146,4,'3.3',80,'4'),(3074,147,4,'3.3',80,'4'),(3075,144,4,'2.0',80,'4'),(3076,160,4,'2.0',80,'4'),(3077,159,4,'2.8',80,'4'),(3078,164,4,'2.8',80,'4'),(3079,168,4,'2.8',80,'4'),(3080,131,4,'4.3',80,'4'),(3081,161,4,'4.3',80,'4'),(3082,169,4,'4.3',80,'4'),(3083,133,4,'2.3',80,'4'),(3084,136,4,'2.3',80,'4'),(3085,139,4,'2.3',80,'4'),(3086,130,4,'3.0',80,'4'),(3087,140,4,'3.0',80,'4'),(3088,153,4,'3.0',80,'4'),(3089,157,4,'3.0',80,'4'),(3090,128,4,'2.8',80,'4'),(3091,149,4,'2.8',80,'4'),(3092,135,4,'0.0',80,'4'),(3093,137,4,'0.0',80,'4'),(3094,142,4,'0.0',80,'4'),(3095,141,4,'0.0',80,'4'),(3096,145,4,'0.0',80,'4'),(3097,152,4,'0.0',80,'4'),(3098,155,4,'0.0',80,'4'),(3099,158,4,'0.0',80,'4'),(3100,166,4,'0.0',80,'4'),(3101,218,6,'1.0',82,'4'),(3102,226,6,'1.0',82,'4'),(3103,254,6,'1.0',82,'4'),(3104,210,6,'1.5',82,'4'),(3105,227,6,'1.5',82,'4'),(3106,246,6,'1.5',82,'4'),(3107,231,6,'1.0',82,'4'),(3108,241,6,'1.0',82,'4'),(3109,245,6,'1.0',82,'4'),(3110,258,6,'1.0',82,'4'),(3111,237,6,'1.0',82,'4'),(3112,232,6,'1.0',82,'4'),(3113,234,6,'1.0',82,'4'),(3114,250,6,'1.0',82,'4'),(3115,264,6,'1.0',82,'4'),(3116,211,6,'1.0',82,'4'),(3117,220,6,'1.0',82,'4'),(3118,240,6,'1.0',82,'4'),(3119,266,6,'1.0',82,'4'),(3120,238,6,'1.0',82,'4'),(3121,261,6,'1.0',82,'4'),(3122,212,6,'1.0',82,'4'),(3123,213,6,'1.0',82,'4'),(3124,243,6,'1.0',82,'4'),(3125,251,6,'1.0',82,'4'),(3126,222,6,'1.0',82,'4'),(3127,248,6,'1.0',82,'4'),(3128,253,6,'1.0',82,'4'),(3129,262,6,'1.0',82,'4'),(3130,216,6,'1.0',82,'4'),(3131,215,6,'1.0',82,'4'),(3132,221,6,'1.0',82,'4'),(3133,259,6,'1.0',82,'4'),(3134,219,6,'2.0',82,'4'),(3135,228,6,'2.0',82,'4'),(3136,229,6,'2.0',82,'4'),(3137,230,6,'2.0',82,'4'),(3138,214,6,'0.0',82,'4'),(3139,209,6,'0.0',82,'4'),(3140,217,6,'0.0',82,'4'),(3141,224,6,'0.0',82,'4'),(3142,223,6,'0.0',82,'4'),(3143,225,6,'0.0',82,'4'),(3144,233,6,'0.0',82,'4'),(3145,235,6,'0.0',82,'4'),(3146,236,6,'0.0',82,'4'),(3147,239,6,'0.0',82,'4'),(3148,242,6,'0.0',82,'4'),(3149,244,6,'0.0',82,'4'),(3150,247,6,'0.0',82,'4'),(3151,249,6,'0.0',82,'4'),(3152,252,6,'0.0',82,'4'),(3153,255,6,'0.0',82,'4'),(3154,256,6,'0.0',82,'4'),(3155,257,6,'0.0',82,'4'),(3156,260,6,'0.0',82,'4'),(3157,263,6,'0.0',82,'4'),(3158,265,6,'0.0',82,'4'),(3159,443,6,'0.0',82,'4'),(3160,182,5,'1.0',83,'4'),(3161,207,5,'2.0',83,'4'),(3162,205,5,'2.5',83,'4'),(3732,201,5,'2.7',83,'4'),(3164,175,5,'2.1',83,'4'),(3165,195,5,'2.5',83,'4'),(3166,180,5,'1.2',83,'4'),(3731,185,5,'2.2',83,'4'),(3168,445,5,'2.5',83,'4'),(3169,428,5,'3.3',83,'4'),(3728,177,5,'3.4',83,'4'),(3171,208,5,'3.3',83,'4'),(3172,193,5,'2.1',83,'4'),(3173,202,5,'2.5',83,'4'),(3174,176,5,'2.5',83,'4'),(3175,183,5,'5.0',83,'4'),(3176,196,5,'2.1',83,'4'),(3177,442,5,'2.5',83,'4'),(3178,197,5,'2.1',83,'4'),(3179,186,5,'3.7',83,'4'),(3180,204,5,'1.6',83,'4'),(3181,189,5,'3.1',83,'4'),(3182,179,5,'1.0',83,'4'),(3183,172,5,'4.1',83,'4'),(3184,181,5,'3.0',83,'4'),(3185,174,5,'1.0',83,'4'),(3186,191,5,'4.1',83,'4'),(3187,198,5,'2.5',83,'4'),(3188,170,5,'4.5',83,'4'),(3190,190,5,'1.2',83,'4'),(3191,194,5,'5.0',83,'4'),(3192,192,5,'1.0',83,'4'),(3193,187,5,'1.7',83,'4'),(3194,206,5,'1.7',83,'4'),(3195,173,5,'0.0',83,'4'),(3196,171,5,'0.0',83,'4'),(3197,178,5,'0.0',83,'4'),(3198,184,5,'0.0',83,'4'),(3199,188,5,'0.0',83,'4'),(3200,199,5,'0.0',83,'4'),(3201,200,5,'0.0',83,'4'),(3202,203,5,'0.0',83,'4'),(3203,426,5,'0.0',83,'4'),(3204,427,5,'0.0',83,'4'),(3205,432,5,'0.0',83,'4'),(3206,440,5,'0.0',83,'4'),(3207,441,5,'0.0',83,'4'),(3210,212,6,'5.0',84,'4'),(3209,251,6,'5.0',84,'4'),(3211,240,6,'4.8',84,'4'),(3212,242,6,'4.8',84,'4'),(3213,266,6,'4.8',84,'4'),(3214,223,6,'5.0',84,'4'),(3215,224,6,'5.0',84,'4'),(3216,255,6,'5.0',84,'4'),(3217,211,6,'5.0',84,'4'),(3218,220,6,'5.0',84,'4'),(3219,232,6,'5.0',84,'4'),(3220,243,6,'5.0',84,'4'),(3221,253,6,'5.0',84,'4'),(3222,263,6,'5.0',84,'4'),(3223,209,6,'5.0',84,'4'),(3224,256,6,'5.0',84,'4'),(3225,264,6,'5.0',84,'4'),(3226,219,6,'4.8',84,'4'),(3227,229,6,'4.8',84,'4'),(3228,228,6,'4.8',84,'4'),(3229,238,6,'4.8',84,'4'),(3230,261,6,'4.8',84,'4'),(3231,262,6,'4.8',84,'4'),(3232,234,6,'5.0',84,'4'),(3233,246,6,'5.0',84,'4'),(3234,250,6,'5.0',84,'4'),(3235,222,6,'5.0',84,'4'),(3236,237,6,'5.0',84,'4'),(3237,248,6,'5.0',84,'4'),(3238,210,6,'5.0',84,'4'),(3239,244,6,'5.0',84,'4'),(3240,259,6,'5.0',84,'4'),(3241,218,6,'5.0',84,'4'),(3242,225,6,'5.0',84,'4'),(3243,226,6,'5.0',84,'4'),(3244,215,6,'5.0',84,'4'),(3245,216,6,'5.0',84,'4'),(3246,221,6,'5.0',84,'4'),(3247,230,6,'4.6',84,'4'),(3248,231,6,'4.6',84,'4'),(3249,241,6,'4.6',84,'4'),(3250,227,6,'5.0',84,'4'),(3251,245,6,'5.0',84,'4'),(3252,258,6,'5.0',84,'4'),(3253,213,6,'0.0',84,'4'),(3254,214,6,'0.0',84,'4'),(3255,217,6,'0.0',84,'4'),(3256,233,6,'0.0',84,'4'),(3257,235,6,'0.0',84,'4'),(3258,236,6,'0.0',84,'4'),(3259,239,6,'0.0',84,'4'),(3260,247,6,'0.0',84,'4'),(3261,249,6,'0.0',84,'4'),(3262,252,6,'0.0',84,'4'),(3263,254,6,'0.0',84,'4'),(3264,257,6,'0.0',84,'4'),(3265,260,6,'0.0',84,'4'),(3266,265,6,'0.0',84,'4'),(3267,443,6,'0.0',84,'4'),(3268,176,5,'3.8',85,'4'),(3272,202,5,'3.8',85,'4'),(3274,192,5,'4.0',85,'4'),(3273,185,5,'3.9',85,'4'),(3275,177,5,'4.2',85,'4'),(3276,174,5,'3.6',85,'4'),(3277,197,5,'4.1',85,'4'),(3278,186,5,'3.8',85,'4'),(3279,170,5,'4.1',85,'4'),(3280,191,5,'4.1',85,'4'),(3281,201,5,'4.3',85,'4'),(3282,208,5,'3.0',85,'4'),(3283,445,5,'3.9',85,'4'),(3284,442,5,'4.0',85,'4'),(3285,190,5,'4.4',85,'4'),(3286,193,5,'4.0',85,'4'),(3287,199,5,'3.5',85,'4'),(3288,180,5,'4.2',85,'4'),(3289,183,5,'3.9',85,'4'),(3290,194,5,'3.9',85,'4'),(3291,198,5,'3.7',85,'4'),(3292,181,5,'3.8',85,'4'),(3293,196,5,'4.0',85,'4'),(3294,189,5,'4.0',85,'4'),(3295,175,5,'3.0',85,'4'),(3296,206,5,'3.0',85,'4'),(3297,207,5,'3.2',85,'4'),(3298,428,5,'3.8',85,'4'),(3299,205,5,'3.0',85,'4'),(3300,182,5,'3.8',85,'4'),(3301,204,5,'4.0',85,'4'),(3302,173,5,'0.0',85,'4'),(3303,171,5,'0.0',85,'4'),(3304,172,5,'0.0',85,'4'),(3305,178,5,'0.0',85,'4'),(3306,179,5,'0.0',85,'4'),(3307,184,5,'0.0',85,'4'),(3308,187,5,'0.0',85,'4'),(3309,188,5,'0.0',85,'4'),(3310,195,5,'0.0',85,'4'),(3311,200,5,'0.0',85,'4'),(3312,203,5,'0.0',85,'4'),(3313,426,5,'0.0',85,'4'),(3314,427,5,'0.0',85,'4'),(3315,432,5,'0.0',85,'4'),(3316,440,5,'0.0',85,'4'),(3317,441,5,'0.0',85,'4'),(3318,391,10,'3.5',86,'4'),(3319,410,10,'3.5',86,'4'),(3320,414,10,'3.5',86,'4'),(3321,417,10,'3.5',86,'4'),(3322,396,10,'4.0',86,'4'),(3323,397,10,'4.0',86,'4'),(3324,389,10,'4.8',86,'4'),(3325,398,10,'4.8',86,'4'),(3326,392,10,'4.3',86,'4'),(3327,421,10,'4.3',86,'4'),(3328,399,10,'4.0',86,'4'),(3329,403,10,'4.0',86,'4'),(3330,404,10,'4.8',86,'4'),(3331,406,10,'4.8',86,'4'),(3332,413,10,'3.8',86,'4'),(3333,416,10,'3.8',86,'4'),(3334,407,10,'4.0',86,'4'),(3335,409,10,'4.0',86,'4'),(3336,394,10,'4.1',86,'4'),(3337,424,10,'4.1',86,'4'),(3338,412,10,'3.7',86,'4'),(3339,415,10,'3.7',86,'4'),(3340,395,10,'0.0',86,'4'),(3341,393,10,'0.0',86,'4'),(3342,390,10,'0.0',86,'4'),(3343,402,10,'0.0',86,'4'),(3344,400,10,'0.0',86,'4'),(3345,405,10,'0.0',86,'4'),(3346,408,10,'0.0',86,'4'),(3347,411,10,'0.0',86,'4'),(3348,418,10,'0.0',86,'4'),(3349,419,10,'0.0',86,'4'),(3350,420,10,'0.0',86,'4'),(3351,422,10,'0.0',86,'4'),(3352,423,10,'0.0',86,'4'),(3353,234,6,'3.8',87,'4'),(3354,243,6,'3.8',87,'4'),(3355,229,6,'4.3',87,'4'),(3356,230,6,'4.3',87,'4'),(3357,219,6,'3.8',87,'4'),(3358,250,6,'3.8',87,'4'),(3359,231,6,'4.3',87,'4'),(3360,240,6,'3.8',87,'4'),(3361,242,6,'3.8',87,'4'),(3362,218,6,'3.8',87,'4'),(3363,226,6,'3.8',87,'4'),(3364,215,6,'2.5',87,'4'),(3365,254,6,'2.5',87,'4'),(3366,233,6,'3.8',87,'4'),(3367,253,6,'3.8',87,'4'),(3368,216,6,'3.8',87,'4'),(3369,259,6,'3.8',87,'4'),(3370,237,6,'5.0',87,'4'),(3371,265,6,'5.0',87,'4'),(3372,262,6,'3.8',87,'4'),(3373,264,6,'3.8',87,'4'),(3374,217,6,'3.8',87,'4'),(3375,241,6,'3.8',87,'4'),(3376,255,6,'3.8',87,'4'),(3377,261,6,'3.8',87,'4'),(3378,209,6,'3.8',87,'4'),(3379,232,6,'3.8',87,'4'),(3380,251,6,'2.0',87,'4'),(3381,263,6,'2.0',87,'4'),(3382,213,6,'3.8',87,'4'),(3383,212,6,'3.8',87,'4'),(3384,221,6,'5.0',87,'4'),(3385,228,6,'5.0',87,'4'),(3386,222,6,'4.3',87,'4'),(3387,248,6,'4.3',87,'4'),(3388,223,6,'4.3',87,'4'),(3389,238,6,'4.3',87,'4'),(3390,210,6,'3.8',87,'4'),(3391,246,6,'3.8',87,'4'),(3392,211,6,'1.3',87,'4'),(3393,220,6,'1.3',87,'4'),(3394,245,6,'3.8',87,'4'),(3395,258,6,'3.8',87,'4'),(3396,214,6,'0.0',87,'4'),(3397,224,6,'0.0',87,'4'),(3398,227,6,'0.0',87,'4'),(3399,225,6,'0.0',87,'4'),(3400,236,6,'0.0',87,'4'),(3401,235,6,'0.0',87,'4'),(3402,239,6,'0.0',87,'4'),(3403,244,6,'0.0',87,'4'),(3404,247,6,'0.0',87,'4'),(3405,249,6,'0.0',87,'4'),(3406,252,6,'0.0',87,'4'),(3407,256,6,'0.0',87,'4'),(3408,257,6,'0.0',87,'4'),(3409,260,6,'0.0',87,'4'),(3410,266,6,'0.0',87,'4'),(3411,443,6,'0.0',87,'4'),(3412,179,5,'4.0',88,'4'),(3413,199,5,'3.5',88,'4'),(3414,205,5,'4.0',88,'4'),(3415,428,5,'3.6',88,'4'),(3416,177,5,'4.5',88,'4'),(3417,204,5,'3.6',88,'4'),(3418,192,5,'3.6',88,'4'),(3722,170,5,'3.4',88,'4'),(3420,191,5,'3.6',88,'4'),(3421,190,5,'3.2',88,'4'),(3422,174,5,'3.2',88,'4'),(3423,189,5,'3.2',88,'4'),(3424,185,5,'3.2',88,'4'),(3425,172,5,'3.9',88,'4'),(3426,194,5,'3.2',88,'4'),(3427,206,5,'3.6',88,'4'),(3428,198,5,'4.0',88,'4'),(3429,178,5,'3.6',88,'4'),(3430,207,5,'2.5',88,'4'),(3431,180,5,'3.2',88,'4'),(3432,202,5,'3.2',88,'4'),(3433,201,5,'2.5',88,'4'),(3434,208,5,'3.2',88,'4'),(3435,445,5,'4.5',88,'4'),(3436,182,5,'4.5',88,'4'),(3437,186,5,'3.6',88,'4'),(3438,193,5,'3.6',88,'4'),(3439,176,5,'3.2',88,'4'),(3440,181,5,'3.6',88,'4'),(3442,442,5,'4.0',88,'4'),(3443,196,5,'3.2',88,'4'),(3444,175,5,'0.0',88,'4'),(3445,171,5,'0.0',88,'4'),(3446,173,5,'0.0',88,'4'),(3447,183,5,'0.0',88,'4'),(3448,184,5,'0.0',88,'4'),(3449,187,5,'0.0',88,'4'),(3450,188,5,'0.0',88,'4'),(3451,195,5,'0.0',88,'4'),(3452,197,5,'0.0',88,'4'),(3453,200,5,'0.0',88,'4'),(3454,203,5,'0.0',88,'4'),(3455,426,5,'0.0',88,'4'),(3456,427,5,'0.0',88,'4'),(3457,432,5,'0.0',88,'4'),(3458,441,5,'0.0',88,'4'),(3459,440,5,'0.0',88,'4'),(3597,39,1,'5.0',89,'4'),(3461,10,1,'2.0',89,'4'),(3462,1,1,'4.0',89,'4'),(3463,9,1,'5.0',89,'4'),(3464,12,1,'4.0',89,'4'),(3465,8,1,'4.5',89,'4'),(3621,6,1,'5.0',89,'4'),(3467,2,1,'4.0',89,'4'),(3468,13,1,'4.0',89,'4'),(3469,15,1,'4.0',89,'4'),(3470,20,1,'4.0',89,'4'),(3471,21,1,'4.0',89,'4'),(3472,22,1,'5.0',89,'4'),(3473,23,1,'4.0',89,'4'),(3474,4,1,'4.0',89,'4'),(3475,32,1,'4.0',89,'4'),(3476,27,1,'5.0',89,'4'),(3477,26,1,'4.0',89,'4'),(3622,36,1,'4.4',89,'4'),(3594,17,1,'4.3',89,'4'),(3480,29,1,'4.0',89,'4'),(3596,7,1,'5.0',89,'4'),(3482,34,1,'5.0',89,'4'),(3483,35,1,'5.0',89,'4'),(3484,31,1,'4.0',89,'4'),(3485,25,1,'4.0',89,'4'),(3486,40,1,'4.5',89,'4'),(3487,37,1,'4.5',89,'4'),(3488,24,1,'4.0',89,'4'),(3489,28,1,'4.0',89,'4'),(3490,41,1,'5.0',89,'4'),(3491,5,1,'0.0',89,'4'),(3612,3,1,'3.0',89,'4'),(3616,14,1,'4.0',89,'4'),(3614,11,1,'1.0',89,'4'),(3592,16,1,'5.0',89,'4'),(3618,18,1,'2.8',89,'4'),(3599,19,1,'3.3',89,'4'),(3591,30,1,'4.3',89,'4'),(3595,33,1,'4.3',89,'4'),(3500,38,1,'0.0',89,'4'),(3593,42,1,'5.0',89,'4'),(3502,425,1,'0.0',89,'4'),(3503,274,7,'3.0',90,'4'),(3504,288,7,'3.0',90,'4'),(3505,292,7,'3.0',90,'4'),(3506,286,7,'5.0',90,'4'),(3507,289,7,'4.0',90,'4'),(3508,300,7,'3.0',90,'4'),(3509,299,7,'3.0',90,'4'),(3510,285,7,'3.0',90,'4'),(3511,279,7,'3.0',90,'4'),(3512,295,7,'3.0',90,'4'),(3513,287,7,'3.0',90,'4'),(3514,291,7,'3.0',90,'4'),(3515,271,7,'3.8',90,'4'),(3516,290,7,'4.0',90,'4'),(3517,273,7,'3.0',90,'4'),(3518,302,7,'3.0',90,'4'),(3519,294,7,'3.0',90,'4'),(3520,301,7,'3.0',90,'4'),(3521,270,7,'3.0',90,'4'),(3522,280,7,'3.0',90,'4'),(3523,268,7,'4.0',90,'4'),(3524,296,7,'3.8',90,'4'),(3525,284,7,'3.8',90,'4'),(3526,281,7,'3.0',90,'4'),(3529,267,7,'3.8',90,'4'),(3528,282,7,'3.8',90,'4'),(3530,275,7,'3.0',90,'4'),(3531,272,7,'0.0',90,'4'),(3532,269,7,'0.0',90,'4'),(3533,277,7,'0.0',90,'4'),(3534,278,7,'0.0',90,'4'),(3535,276,7,'0.0',90,'4'),(3536,283,7,'0.0',90,'4'),(3537,293,7,'0.0',90,'4'),(3538,297,7,'0.0',90,'4'),(3539,298,7,'0.0',90,'4'),(3540,422,10,'4.0',91,'4'),(3541,412,10,'5.0',91,'4'),(3542,405,10,'5.0',91,'4'),(3543,406,10,'5.0',91,'4'),(3544,394,10,'5.0',91,'4'),(3545,397,10,'5.0',91,'4'),(3546,423,10,'3.8',91,'4'),(3547,420,10,'4.0',91,'4'),(3548,392,10,'5.0',91,'4'),(3549,404,10,'5.0',91,'4'),(3550,421,10,'5.0',91,'4'),(3551,390,10,'5.0',91,'4'),(3552,413,10,'4.0',91,'4'),(3553,422,10,'5.0',92,'4'),(3554,410,10,'5.0',92,'4'),(3555,389,10,'5.0',92,'4'),(3556,396,10,'5.0',92,'4'),(3557,395,10,'0.0',92,'4'),(3558,392,10,'5.0',92,'4'),(3559,393,10,'4.0',92,'4'),(3560,394,10,'5.0',92,'4'),(3561,390,10,'5.0',92,'4'),(3562,391,10,'5.0',92,'4'),(3563,397,10,'5.0',92,'4'),(3564,398,10,'5.0',92,'4'),(3565,399,10,'5.0',92,'4'),(3566,402,10,'5.0',92,'4'),(3567,403,10,'5.0',92,'4'),(3568,400,10,'0.0',92,'4'),(3569,404,10,'0.0',92,'4'),(3570,405,10,'5.0',92,'4'),(3571,407,10,'0.0',92,'4'),(3572,406,10,'5.0',92,'4'),(3573,409,10,'5.0',92,'4'),(3574,412,10,'5.0',92,'4'),(3575,411,10,'0.0',92,'4'),(3576,413,10,'5.0',92,'4'),(3577,415,10,'5.0',92,'4'),(3578,414,10,'5.0',92,'4'),(3579,417,10,'5.0',92,'4'),(3580,416,10,'5.0',92,'4'),(3581,419,10,'0.0',92,'4'),(3582,420,10,'5.0',92,'4'),(3583,421,10,'5.0',92,'4'),(3584,423,10,'5.0',92,'4'),(3585,424,10,'5.0',92,'4'),(3627,49,2,'0.0',65,'4'),(3628,45,2,'0.0',65,'4'),(3629,54,2,'0.0',65,'4'),(3630,71,2,'0.0',65,'4'),(3631,73,2,'0.0',65,'4'),(3632,75,2,'0.0',65,'4'),(3633,76,2,'0.0',65,'4'),(3634,77,2,'0.0',65,'4'),(3635,82,2,'0.0',65,'4'),(3636,83,2,'0.0',65,'4'),(3637,88,2,'0.0',65,'4'),(3638,433,2,'0.0',65,'4'),(3639,50,2,'5.0',65,'4'),(3640,48,2,'5.0',65,'4'),(3641,46,2,'5.0',65,'4'),(3642,47,2,'5.0',65,'4'),(3643,43,2,'5.0',65,'4'),(3644,44,2,'5.0',65,'4'),(3645,51,2,'5.0',65,'4'),(3646,52,2,'5.0',65,'4'),(3647,53,2,'5.0',65,'4'),(3648,57,2,'5.0',65,'4'),(3649,58,2,'5.0',65,'4'),(3650,59,2,'5.0',65,'4'),(3651,60,2,'5.0',65,'4'),(3652,62,2,'5.0',65,'4'),(3653,61,2,'5.0',65,'4'),(3654,65,2,'5.0',65,'4'),(3655,67,2,'5.0',65,'4'),(3656,63,2,'5.0',65,'4'),(3657,68,2,'5.0',65,'4'),(3658,69,2,'5.0',65,'4'),(3659,70,2,'5.0',65,'4'),(3660,72,2,'5.0',65,'4'),(3661,74,2,'5.0',65,'4'),(3662,78,2,'5.0',65,'4'),(3663,80,2,'5.0',65,'4'),(3664,81,2,'5.0',65,'4'),(3665,79,2,'5.0',65,'4'),(3666,84,2,'5.0',65,'4'),(3667,85,2,'5.0',65,'4'),(3668,87,2,'5.0',65,'4'),(3669,86,2,'5.0',65,'4'),(3670,89,2,'5.0',65,'4'),(3671,99,2,'5.0',65,'4'),(3672,43,2,'2.4',93,'4'),(3673,48,2,'5.0',93,'4'),(3674,47,2,'1.2',93,'4'),(3675,44,2,'2.0',93,'4'),(3676,51,2,'5.0',93,'4'),(3677,53,2,'2.5',93,'4'),(3678,57,2,'4.1',93,'4'),(3679,58,2,'3.6',93,'4'),(3680,60,2,'1.2',93,'4'),(3681,61,2,'3.2',93,'4'),(3682,62,2,'2.8',93,'4'),(3683,63,2,'2.4',93,'4'),(3684,64,2,'1.6',93,'4'),(3719,67,2,'4.0',93,'4'),(3686,65,2,'4.1',93,'4'),(3687,68,2,'3.6',93,'4'),(3688,69,2,'2.8',93,'4'),(3689,70,2,'4.1',93,'4'),(3690,72,2,'5.0',93,'4'),(3691,74,2,'5.0',93,'4'),(3692,78,2,'2.4',93,'4'),(3693,79,2,'3.2',93,'4'),(3694,81,2,'3.2',93,'4'),(3695,85,2,'1.0',93,'4'),(3696,87,2,'3.2',93,'4'),(3697,50,2,'0.0',93,'4'),(3698,49,2,'0.0',93,'4'),(3699,46,2,'0.0',93,'4'),(3700,45,2,'0.0',93,'4'),(3701,52,2,'0.0',93,'4'),(3702,54,2,'0.0',93,'4'),(3703,59,2,'0.0',93,'4'),(3704,71,2,'0.0',93,'4'),(3705,73,2,'0.0',93,'4'),(3706,76,2,'0.0',93,'4'),(3707,75,2,'0.0',93,'4'),(3708,77,2,'0.0',93,'4'),(3709,80,2,'0.0',93,'4'),(3710,82,2,'0.0',93,'4'),(3711,84,2,'0.0',93,'4'),(3712,83,2,'0.0',93,'4'),(3713,86,2,'0.0',93,'4'),(3714,89,2,'0.0',93,'4'),(3715,88,2,'0.0',93,'4'),(3716,99,2,'0.0',93,'4'),(3717,433,2,'0.0',93,'4');

/*Table structure for table `periodo` */

DROP TABLE IF EXISTS `periodo`;

CREATE TABLE `periodo` (
  `p` varchar(1) collate latin1_general_ci default NULL
) ENGINE=MyISAM DEFAULT CHARSET=latin1 COLLATE=latin1_general_ci;

/*Data for the table `periodo` */

insert  into `periodo`(`p`) values ('4');

/*Table structure for table `personal_profesores` */

DROP TABLE IF EXISTS `personal_profesores`;

CREATE TABLE `personal_profesores` (
  `id` int(255) NOT NULL auto_increment,
  `nombre` varchar(255) collate latin1_general_ci default NULL,
  `cedula` varchar(255) collate latin1_general_ci default NULL,
  `direccion` varchar(255) collate latin1_general_ci default NULL,
  `telefono1` varchar(255) collate latin1_general_ci default NULL,
  `telefono2` varchar(255) collate latin1_general_ci default NULL,
  `correo1` varchar(255) collate latin1_general_ci default NULL,
  `correo2` varchar(255) collate latin1_general_ci default NULL,
  PRIMARY KEY  (`id`)
) ENGINE=MyISAM AUTO_INCREMENT=8 DEFAULT CHARSET=latin1 COLLATE=latin1_general_ci ROW_FORMAT=DYNAMIC;

/*Data for the table `personal_profesores` */

insert  into `personal_profesores`(`id`,`nombre`,`cedula`,`direccion`,`telefono1`,`telefono2`,`correo1`,`correo2`) values (7,'Mario Alejandro Benítez Orozco','1036613885','Callejón de Don Euclides','3113739381','8388066','maalben@gmail.com','maalben@hotmail.com'),(4,'Anacleto Marin','33323332','KOkakaikla','878788','999999','manaa@hotmaml.com','mamama@hmfof.com');

/*Table structure for table `tabs_tabla_1` */

DROP TABLE IF EXISTS `tabs_tabla_1`;

CREATE TABLE `tabs_tabla_1` (
  `id` int(11) NOT NULL auto_increment,
  `datos` text collate latin1_general_ci,
  PRIMARY KEY  (`id`)
) ENGINE=MyISAM AUTO_INCREMENT=6 DEFAULT CHARSET=latin1 COLLATE=latin1_general_ci ROW_FORMAT=DYNAMIC;

/*Data for the table `tabs_tabla_1` */

insert  into `tabs_tabla_1`(`id`,`datos`) values (1,'tab1'),(2,'tab2'),(3,'tab3'),(4,'tab4'),(5,'tab5');

/*Table structure for table `temporal1` */

DROP TABLE IF EXISTS `temporal1`;

CREATE TABLE `temporal1` (
  `valor` int(255) NOT NULL,
  PRIMARY KEY  (`valor`)
) ENGINE=MyISAM DEFAULT CHARSET=latin1 COLLATE=latin1_general_ci ROW_FORMAT=DYNAMIC;

/*Data for the table `temporal1` */

insert  into `temporal1`(`valor`) values (6);

/*Table structure for table `year` */

DROP TABLE IF EXISTS `year`;

CREATE TABLE `year` (
  `valor` varchar(10) collate latin1_general_ci default NULL
) ENGINE=MyISAM DEFAULT CHARSET=latin1 COLLATE=latin1_general_ci;

/*Data for the table `year` */

insert  into `year`(`valor`) values ('2008');

/*!40101 SET SQL_MODE=@OLD_SQL_MODE */;
/*!40014 SET FOREIGN_KEY_CHECKS=@OLD_FOREIGN_KEY_CHECKS */;
